id,label
1,9
2,10
3,9
4,9
5,6
6,7
7,4
8,5
9,6
10,2
11,9
12,10
13,6
14,2
15,10
16,9
17,6
18,4
19,9
20,7
21,5
22,1
23,1
24,8
25,3
26,7
27,7
28,10
29,2
30,7
31,7
32,3
33,6
34,7
35,10
36,2
37,7
38,10
39,2
40,4
41,9
42,7
43,10
44,7
45,9
46,9
47,6
48,9
49,5
50,7
51,10
52,9
53,7
54,6
55,9
56,9
57,6
58,7
59,10
60,3
61,5
62,4
63,7
64,10
65,7
66,5
67,2
68,9
69,6
70,10
71,6
72,7
73,9
74,9
75,10
76,3
77,10
78,6
79,4
80,2
81,9
82,2
83,2
84,1
85,1
86,8
87,1
88,9
89,9
90,10
91,10
92,4
93,9
94,3
95,5
96,4
97,7
98,1
99,3
100,8
101,6
102,2
103,6
104,7
105,2
106,10
107,6
108,7
109,6
110,6
111,7
112,3
113,7
114,3
115,10
116,5
117,1
118,10
119,7
120,6
121,10
122,5
123,2
124,3
125,1
126,7
127,10
128,6
129,5
130,4
131,8
132,10
133,10
134,4
135,1
136,2
137,10
138,8
139,7
140,9
141,3
142,9
143,10
144,6
145,9
146,9
147,7
148,6
149,6
150,6
151,8
152,2
153,9
154,1
155,1
156,6
157,3
158,10
159,4
160,10
161,1
162,2
163,2
164,5
165,1
166,8
167,9
168,7
169,8
170,10
171,10
172,8
173,2
174,9
175,2
176,10
177,9
178,7
179,4
180,1
181,9
182,8
183,7
184,1
185,8
186,1
187,7
188,2
189,10
190,9
191,7
192,2
193,3
194,6
195,8
196,5
197,10
198,9
199,8
200,6
201,8
202,10
203,9
204,8
205,2
206,6
207,9
208,6
209,8
210,9
211,8
212,2
213,1
214,8
215,10
216,3
217,9
218,10
219,1
220,5
221,8
222,7
223,9
224,2
225,10
226,10
227,10
228,3
229,4
230,8
231,4
232,10
233,2
234,5
235,9
236,1
237,7
238,10
239,10
240,3
241,2
242,10
243,8
244,9
245,1
246,5
247,8
248,9
249,6
250,7
251,8
252,4
253,7
254,7
255,3
256,1
257,4
258,9
259,9
260,7
261,6
262,9
263,2
264,7
265,1
266,9
267,1
268,5
269,6
270,6
271,5
272,4
273,7
274,6
275,10
276,4
277,1
278,5
279,3
280,6
281,10
282,3
283,8
284,10
285,10
286,10
287,9
288,9
289,8
290,10
291,2
292,7
293,6
294,9
295,2
296,3
297,7
298,1
299,1
300,5
301,7
302,7
303,4
304,1
305,7
306,10
307,8
308,3
309,2
310,5
311,9
312,2
313,1
314,1
315,8
316,3
317,5
318,7
319,6
320,4
321,6
322,6
323,7
324,7
325,7
326,2
327,8
328,3
329,2
330,8
331,5
332,10
333,7
334,7
335,7
336,7
337,4
338,9
339,1
340,8
341,6
342,6
343,1
344,1
345,9
346,4
347,8
348,7
349,6
350,10
351,10
352,2
353,9
354,1
355,6
356,3
357,4
358,4
359,2
360,9
361,5
362,6
363,9
364,9
365,6
366,10
367,7
368,9
369,1
370,2
371,7
372,8
373,10
374,1
375,5
376,3
377,10
378,9
379,9
380,7
381,3
382,10
383,1
384,1
385,7
386,1
387,10
388,5
389,3
390,3
391,2
392,9
393,7
394,7
395,3
396,7
397,3
398,4
399,9
400,10
401,10
402,2
403,3
404,9
405,10
406,5
407,1
408,8
409,9
410,9
411,9
412,1
413,3
414,7
415,2
416,10
417,8
418,10
419,2
420,10
421,5
422,5
423,1
424,7
425,6
426,9
427,6
428,8
429,10
430,1
431,5
432,6
433,4
434,2
435,7
436,5
437,9
438,5
439,4
440,7
441,2
442,5
443,10
444,10
445,1
446,7
447,9
448,1
449,3
450,1
451,7
452,10
453,4
454,3
455,1
456,3
457,5
458,5
459,7
460,2
461,4
462,4
463,2
464,4
465,10
466,5
467,7
468,8
469,4
470,6
471,6
472,4
473,1
474,3
475,3
476,8
477,5
478,9
479,3
480,7
481,2
482,7
483,9
484,5
485,8
486,10
487,10
488,10
489,9
490,1
491,2
492,8
493,1
494,2
495,9
496,9
497,10
498,1
499,3
500,1
501,7
502,7
503,6
504,7
505,10
506,3
507,3
508,1
509,9
510,5
511,6
512,7
513,5
514,2
515,4
516,10
517,9
518,2
519,10
520,10
521,6
522,1
523,1
524,8
525,1
526,6
527,3
528,1
529,9
530,5
531,10
532,9
533,7
534,6
535,7
536,7
537,7
538,7
539,9
540,8
541,10
542,6
543,7
544,6
545,6
546,10
547,10
548,2
549,7
550,6
551,3
552,3
553,1
554,4
555,10
556,9
557,5
558,5
559,3
560,7
561,1
562,5
563,5
564,7
565,5
566,9
567,10
568,10
569,10
570,6
571,3
572,8
573,10
574,7
575,8
576,4
577,9
578,1
579,3
580,10
581,5
582,1
583,1
584,9
585,1
586,9
587,7
588,6
589,10
590,9
591,10
592,2
593,3
594,7
595,8
596,2
597,8
598,9
599,7
600,7
601,1
602,1
603,1
604,6
605,10
606,6
607,2
608,4
609,5
610,10
611,7
612,1
613,9
614,9
615,7
616,6
617,8
618,7
619,10
620,2
621,4
622,3
623,2
624,1
625,3
626,2
627,10
628,3
629,5
630,8
631,2
632,3
633,7
634,9
635,7
636,8
637,10
638,4
639,10
640,7
641,7
642,3
643,9
644,8
645,1
646,2
647,6
648,3
649,3
650,5
651,4
652,10
653,2
654,7
655,3
656,1
657,9
658,2
659,7
660,7
661,10
662,5
663,8
664,7
665,6
666,9
667,4
668,1
669,10
670,3
671,7
672,2
673,6
674,7
675,7
676,4
677,5
678,10
679,7
680,3
681,2
682,7
683,9
684,6
685,10
686,5
687,5
688,4
689,7
690,8
691,5
692,8
693,9
694,8
695,9
696,7
697,9
698,4
699,3
700,6
701,8
702,1
703,6
704,2
705,2
706,5
707,1
708,6
709,10
710,2
711,8
712,9
713,9
714,8
715,3
716,2
717,7
718,8
719,5
720,9
721,10
722,9
723,10
724,10
725,10
726,9
727,5
728,6
729,7
730,8
731,6
732,1
733,8
734,10
735,8
736,5
737,1
738,1
739,2
740,8
741,4
742,6
743,6
744,8
745,2
746,3
747,7
748,8
749,3
750,6
751,10
752,1
753,10
754,2
755,5
756,5
757,7
758,9
759,9
760,2
761,10
762,3
763,1
764,8
765,9
766,3
767,10
768,9
769,3
770,1
771,7
772,10
773,6
774,4
775,1
776,5
777,3
778,4
779,5
780,7
781,10
782,7
783,5
784,7
785,7
786,1
787,8
788,10
789,10
790,2
791,8
792,8
793,1
794,10
795,8
796,3
797,8
798,7
799,8
800,9
801,8
802,6
803,1
804,8
805,5
806,7
807,9
808,3
809,6
810,1
811,4
812,8
813,8
814,5
815,6
816,9
817,10
818,6
819,2
820,2
821,2
822,3
823,10
824,9
825,6
826,9
827,5
828,6
829,5
830,6
831,9
832,6
833,3
834,4
835,5
836,4
837,10
838,8
839,10
840,1
841,8
842,2
843,8
844,3
845,2
846,1
847,7
848,1
849,8
850,7
851,6
852,2
853,9
854,10
855,1
856,9
857,10
858,1
859,8
860,1
861,5
862,7
863,2
864,6
865,1
866,2
867,2
868,4
869,1
870,10
871,7
872,6
873,5
874,1
875,4
876,9
877,5
878,3
879,9
880,8
881,9
882,4
883,1
884,1
885,10
886,1
887,9
888,2
889,6
890,7
891,4
892,5
893,8
894,4
895,6
896,2
897,6
898,6
899,3
900,6
901,5
902,8
903,7
904,6
905,9
906,1
907,10
908,7
909,9
910,6
911,7
912,4
913,8
914,3
915,7
916,10
917,10
918,9
919,9
920,6
921,3
922,10
923,2
924,10
925,6
926,6
927,2
928,3
929,8
930,1
931,5
932,3
933,7
934,7
935,8
936,1
937,9
938,5
939,5
940,4
941,7
942,6
943,8
944,5
945,9
946,6
947,1
948,7
949,6
950,4
951,6
952,10
953,5
954,2
955,3
956,8
957,1
958,2
959,8
960,9
961,7
962,2
963,10
964,5
965,4
966,6
967,10
968,10
969,2
970,10
971,10
972,7
973,3
974,7
975,1
976,9
977,2
978,9
979,2
980,2
981,7
982,9
983,7
984,9
985,8
986,9
987,6
988,9
989,1
990,6
991,2
992,7
993,9
994,8
995,6
996,5
997,9
998,8
999,6
1000,9
1001,6
1002,2
1003,9
1004,3
1005,1
1006,2
1007,7
1008,1
1009,4
1010,4
1011,1
1012,9
1013,7
1014,8
1015,3
1016,7
1017,6
1018,7
1019,1
1020,9
1021,2
1022,7
1023,1
1024,1
1025,8
1026,10
1027,7
1028,5
1029,1
1030,7
1031,2
1032,6
1033,5
1034,4
1035,4
1036,2
1037,7
1038,5
1039,9
1040,5
1041,6
1042,9
1043,8
1044,1
1045,9
1046,6
1047,7
1048,9
1049,2
1050,2
1051,5
1052,7
1053,9
1054,6
1055,5
1056,1
1057,8
1058,6
1059,2
1060,1
1061,9
1062,1
1063,2
1064,7
1065,2
1066,10
1067,7
1068,1
1069,10
1070,9
1071,4
1072,7
1073,9
1074,8
1075,4
1076,9
1077,1
1078,1
1079,1
1080,8
1081,7
1082,6
1083,9
1084,6
1085,3
1086,5
1087,3
1088,7
1089,5
1090,7
1091,9
1092,9
1093,7
1094,6
1095,6
1096,7
1097,8
1098,8
1099,7
1100,8
1101,9
1102,1
1103,9
1104,1
1105,8
1106,3
1107,2
1108,8
1109,5
1110,9
1111,8
1112,9
1113,4
1114,9
1115,10
1116,2
1117,3
1118,6
1119,5
1120,8
1121,6
1122,3
1123,2
1124,7
1125,3
1126,7
1127,1
1128,9
1129,4
1130,3
1131,9
1132,9
1133,7
1134,2
1135,2
1136,4
1137,2
1138,10
1139,6
1140,2
1141,4
1142,9
1143,9
1144,4
1145,10
1146,6
1147,5
1148,10
1149,6
1150,8
1151,5
1152,5
1153,9
1154,10
1155,7
1156,8
1157,2
1158,5
1159,2
1160,9
1161,9
1162,10
1163,8
1164,3
1165,1
1166,9
1167,4
1168,8
1169,8
1170,10
1171,9
1172,10
1173,3
1174,8
1175,1
1176,10
1177,8
1178,10
1179,3
1180,4
1181,10
1182,5
1183,10
1184,1
1185,2
1186,9
1187,5
1188,2
1189,9
1190,8
1191,10
1192,2
1193,7
1194,6
1195,1
1196,7
1197,4
1198,1
1199,5
1200,6
1201,1
1202,8
1203,2
1204,9
1205,7
1206,9
1207,2
1208,9
1209,2
1210,8
1211,9
1212,9
1213,2
1214,9
1215,6
1216,5
1217,1
1218,3
1219,9
1220,6
1221,8
1222,9
1223,6
1224,1
1225,8
1226,7
1227,7
1228,7
1229,2
1230,8
1231,6
1232,7
1233,2
1234,1
1235,10
1236,6
1237,3
1238,1
1239,2
1240,4
1241,7
1242,1
1243,9
1244,6
1245,6
1246,9
1247,10
1248,3
1249,6
1250,3
1251,4
1252,6
1253,6
1254,2
1255,1
1256,1
1257,9
1258,6
1259,2
1260,9
1261,2
1262,9
1263,9
1264,1
1265,9
1266,2
1267,9
1268,8
1269,3
1270,7
1271,10
1272,10
1273,5
1274,4
1275,4
1276,3
1277,10
1278,3
1279,3
1280,6
1281,8
1282,9
1283,10
1284,9
1285,6
1286,8
1287,2
1288,9
1289,2
1290,10
1291,4
1292,9
1293,7
1294,8
1295,1
1296,1
1297,6
1298,1
1299,10
1300,10
1301,5
1302,7
1303,3
1304,5
1305,3
1306,9
1307,4
1308,1
1309,7
1310,7
1311,9
1312,9
1313,7
1314,2
1315,10
1316,9
1317,6
1318,10
1319,4
1320,8
1321,8
1322,2
1323,9
1324,9
1325,9
1326,5
1327,4
1328,7
1329,1
1330,3
1331,4
1332,4
1333,9
1334,1
1335,9
1336,9
1337,3
1338,6
1339,7
1340,4
1341,1
1342,7
1343,7
1344,1
1345,7
1346,3
1347,9
1348,9
1349,5
1350,9
1351,7
1352,8
1353,5
1354,1
1355,8
1356,2
1357,10
1358,2
1359,2
1360,8
1361,8
1362,10
1363,6
1364,9
1365,5
1366,1
1367,9
1368,7
1369,8
1370,9
1371,2
1372,10
1373,2
1374,8
1375,1
1376,7
1377,2
1378,9
1379,5
1380,1
1381,6
1382,7
1383,6
1384,4
1385,10
1386,6
1387,8
1388,9
1389,6
1390,5
1391,7
1392,9
1393,3
1394,9
1395,3
1396,6
1397,2
1398,1
1399,9
1400,1
1401,4
1402,3
1403,7
1404,6
1405,6
1406,2
1407,10
1408,9
1409,2
1410,8
1411,3
1412,9
1413,10
1414,10
1415,10
1416,5
1417,6
1418,10
1419,3
1420,10
1421,8
1422,7
1423,9
1424,5
1425,8
1426,4
1427,3
1428,1
1429,10
1430,4
1431,2
1432,5
1433,10
1434,8
1435,9
1436,2
1437,8
1438,10
1439,3
1440,6
1441,9
1442,5
1443,6
1444,7
1445,9
1446,6
1447,1
1448,9
1449,5
1450,7
1451,7
1452,3
1453,7
1454,5
1455,6
1456,1
1457,7
1458,9
1459,9
1460,9
1461,7
1462,1
1463,3
1464,1
1465,2
1466,1
1467,5
1468,2
1469,4
1470,1
1471,3
1472,9
1473,7
1474,8
1475,8
1476,10
1477,8
1478,4
1479,9
1480,2
1481,6
1482,3
1483,9
1484,7
1485,7
1486,9
1487,3
1488,10
1489,9
1490,7
1491,2
1492,10
1493,9
1494,2
1495,6
1496,1
1497,7
1498,6
1499,7
1500,10
1501,2
1502,6
1503,5
1504,1
1505,10
1506,7
1507,5
1508,10
1509,1
1510,7
1511,6
1512,1
1513,9
1514,5
1515,10
1516,3
1517,2
1518,2
1519,6
1520,7
1521,8
1522,5
1523,5
1524,5
1525,4
1526,9
1527,7
1528,10
1529,3
1530,6
1531,10
1532,7
1533,9
1534,8
1535,3
1536,3
1537,10
1538,7
1539,8
1540,7
1541,9
1542,5
1543,6
1544,6
1545,7
1546,2
1547,5
1548,1
1549,6
1550,6
1551,10
1552,7
1553,4
1554,7
1555,4
1556,1
1557,10
1558,9
1559,5
1560,6
1561,8
1562,5
1563,7
1564,10
1565,2
1566,9
1567,8
1568,7
1569,9
1570,2
1571,4
1572,6
1573,7
1574,10
1575,9
1576,5
1577,7
1578,4
1579,7
1580,1
1581,10
1582,10
1583,7
1584,8
1585,4
1586,4
1587,6
1588,1
1589,5
1590,7
1591,1
1592,10
1593,8
1594,4
1595,1
1596,7
1597,6
1598,7
1599,6
1600,6
1601,10
1602,10
1603,9
1604,8
1605,10
1606,3
1607,9
1608,2
1609,7
1610,9
1611,6
1612,4
1613,4
1614,3
1615,2
1616,1
1617,9
1618,1
1619,6
1620,7
1621,6
1622,2
1623,6
1624,7
1625,6
1626,1
1627,9
1628,2
1629,8
1630,1
1631,1
1632,2
1633,9
1634,10
1635,7
1636,4
1637,7
1638,6
1639,9
1640,9
1641,6
1642,5
1643,5
1644,2
1645,6
1646,5
1647,1
1648,8
1649,10
1650,8
1651,6
1652,1
1653,1
1654,10
1655,10
1656,10
1657,1
1658,6
1659,7
1660,9
1661,6
1662,7
1663,2
1664,7
1665,1
1666,7
1667,7
1668,7
1669,10
1670,7
1671,5
1672,1
1673,10
1674,10
1675,5
1676,2
1677,9
1678,7
1679,6
1680,8
1681,7
1682,7
1683,8
1684,9
1685,10
1686,10
1687,5
1688,1
1689,7
1690,10
1691,6
1692,1
1693,10
1694,1
1695,1
1696,10
1697,9
1698,2
1699,6
1700,3
1701,3
1702,2
1703,10
1704,6
1705,8
1706,3
1707,2
1708,10
1709,2
1710,3
1711,3
1712,2
1713,9
1714,10
1715,1
1716,5
1717,2
1718,6
1719,9
1720,1
1721,3
1722,2
1723,7
1724,5
1725,8
1726,9
1727,1
1728,2
1729,9
1730,1
1731,9
1732,7
1733,7
1734,6
1735,6
1736,4
1737,10
1738,6
1739,6
1740,1
1741,1
1742,3
1743,6
1744,2
1745,10
1746,3
1747,7
1748,10
1749,1
1750,5
1751,1
1752,8
1753,8
1754,7
1755,8
1756,6
1757,6
1758,7
1759,3
1760,9
1761,9
1762,10
1763,7
1764,1
1765,8
1766,7
1767,5
1768,5
1769,8
1770,9
1771,3
1772,3
1773,1
1774,4
1775,5
1776,1
1777,1
1778,5
1779,9
1780,4
1781,10
1782,7
1783,4
1784,9
1785,2
1786,1
1787,9
1788,1
1789,8
1790,1
1791,9
1792,8
1793,10
1794,4
1795,3
1796,7
1797,9
1798,2
1799,3
1800,9
1801,1
1802,5
1803,5
1804,7
1805,7
1806,1
1807,2
1808,3
1809,2
1810,9
1811,9
1812,6
1813,7
1814,8
1815,9
1816,2
1817,4
1818,7
1819,6
1820,9
1821,2
1822,7
1823,9
1824,4
1825,10
1826,3
1827,9
1828,5
1829,9
1830,2
1831,7
1832,2
1833,9
1834,9
1835,2
1836,6
1837,5
1838,3
1839,10
1840,8
1841,2
1842,2
1843,8
1844,10
1845,10
1846,8
1847,7
1848,9
1849,6
1850,8
1851,6
1852,1
1853,9
1854,10
1855,6
1856,6
1857,9
1858,6
1859,5
1860,3
1861,9
1862,6
1863,7
1864,10
1865,8
1866,1
1867,9
1868,8
1869,8
1870,9
1871,8
1872,6
1873,9
1874,7
1875,1
1876,1
1877,7
1878,7
1879,5
1880,2
1881,4
1882,10
1883,1
1884,7
1885,3
1886,6
1887,1
1888,6
1889,2
1890,9
1891,7
1892,1
1893,7
1894,2
1895,6
1896,9
1897,10
1898,9
1899,7
1900,8
1901,9
1902,6
1903,8
1904,9
1905,10
1906,5
1907,8
1908,4
1909,4
1910,4
1911,5
1912,7
1913,1
1914,1
1915,2
1916,2
1917,7
1918,9
1919,5
1920,8
1921,3
1922,9
1923,7
1924,10
1925,8
1926,10
1927,1
1928,2
1929,5
1930,4
1931,9
1932,5
1933,5
1934,6
1935,10
1936,7
1937,8
1938,9
1939,9
1940,8
1941,3
1942,9
1943,3
1944,10
1945,9
1946,4
1947,9
1948,2
1949,6
1950,1
1951,6
1952,3
1953,5
1954,5
1955,1
1956,10
1957,10
1958,9
1959,2
1960,1
1961,6
1962,6
1963,7
1964,1
1965,6
1966,1
1967,5
1968,5
1969,9
1970,8
1971,7
1972,4
1973,7
1974,1
1975,6
1976,4
1977,6
1978,5
1979,7
1980,1
1981,2
1982,4
1983,5
1984,10
1985,7
1986,5
1987,7
1988,9
1989,6
1990,7
1991,8
1992,5
1993,3
1994,8
1995,7
1996,1
1997,7
1998,1
1999,2
2000,4
2001,2
2002,7
2003,1
2004,7
2005,8
2006,2
2007,8
2008,9
2009,10
2010,1
2011,9
2012,6
2013,6
2014,10
2015,9
2016,8
2017,7
2018,5
2019,4
2020,8
2021,10
2022,9
2023,5
2024,7
2025,7
2026,5
2027,4
2028,10
2029,8
2030,7
2031,10
2032,2
2033,1
2034,5
2035,7
2036,7
2037,4
2038,2
2039,1
2040,9
2041,9
2042,1
2043,2
2044,9
2045,6
2046,10
2047,4
2048,4
2049,9
2050,7
2051,9
2052,4
2053,9
2054,3
2055,4
2056,6
2057,6
2058,6
2059,9
2060,2
2061,6
2062,7
2063,7
2064,2
2065,10
2066,6
2067,3
2068,5
2069,7
2070,5
2071,5
2072,10
2073,1
2074,1
2075,3
2076,8
2077,5
2078,9
2079,7
2080,1
2081,7
2082,4
2083,1
2084,6
2085,8
2086,8
2087,10
2088,1
2089,8
2090,8
2091,3
2092,2
2093,2
2094,7
2095,4
2096,1
2097,7
2098,3
2099,4
2100,2
2101,2
2102,7
2103,1
2104,6
2105,5
2106,7
2107,6
2108,4
2109,4
2110,9
2111,6
2112,9
2113,2
2114,9
2115,3
2116,6
2117,10
2118,10
2119,1
2120,7
2121,9
2122,7
2123,1
2124,8
2125,1
2126,10
2127,1
2128,3
2129,5
2130,7
2131,1
2132,10
2133,7
2134,10
2135,1
2136,9
2137,9
2138,5
2139,4
2140,9
2141,10
2142,5
2143,10
2144,10
2145,1
2146,5
2147,5
2148,5
2149,2
2150,7
2151,10
2152,9
2153,8
2154,9
2155,8
2156,9
2157,10
2158,7
2159,10
2160,8
2161,9
2162,3
2163,9
2164,7
2165,10
2166,1
2167,3
2168,5
2169,5
2170,1
2171,3
2172,4
2173,1
2174,8
2175,9
2176,4
2177,2
2178,7
2179,10
2180,1
2181,5
2182,1
2183,5
2184,7
2185,10
2186,10
2187,5
2188,8
2189,10
2190,1
2191,10
2192,7
2193,6
2194,8
2195,10
2196,8
2197,9
2198,7
2199,2
2200,7
2201,9
2202,6
2203,8
2204,8
2205,10
2206,4
2207,2
2208,4
2209,9
2210,5
2211,1
2212,10
2213,7
2214,7
2215,5
2216,8
2217,6
2218,9
2219,5
2220,8
2221,10
2222,3
2223,7
2224,1
2225,4
2226,8
2227,7
2228,1
2229,4
2230,3
2231,6
2232,8
2233,2
2234,3
2235,8
2236,6
2237,6
2238,7
2239,3
2240,8
2241,10
2242,1
2243,5
2244,4
2245,10
2246,1
2247,8
2248,5
2249,10
2250,1
2251,8
2252,1
2253,4
2254,3
2255,2
2256,6
2257,5
2258,9
2259,4
2260,6
2261,3
2262,9
2263,5
2264,7
2265,2
2266,9
2267,9
2268,7
2269,10
2270,4
2271,9
2272,9
2273,5
2274,3
2275,6
2276,7
2277,10
2278,6
2279,2
2280,10
2281,9
2282,6
2283,9
2284,7
2285,1
2286,6
2287,8
2288,8
2289,3
2290,2
2291,6
2292,8
2293,7
2294,2
2295,1
2296,10
2297,10
2298,8
2299,1
2300,8
2301,4
2302,6
2303,3
2304,7
2305,5
2306,3
2307,7
2308,8
2309,2
2310,7
2311,7
2312,7
2313,7
2314,7
2315,1
2316,6
2317,3
2318,4
2319,3
2320,9
2321,9
2322,9
2323,1
2324,2
2325,9
2326,9
2327,8
2328,6
2329,8
2330,5
2331,1
2332,4
2333,9
2334,7
2335,7
2336,5
2337,10
2338,5
2339,7
2340,7
2341,10
2342,9
2343,7
2344,3
2345,9
2346,4
2347,2
2348,9
2349,1
2350,1
2351,4
2352,4
2353,5
2354,3
2355,10
2356,8
2357,9
2358,8
2359,8
2360,8
2361,3
2362,9
2363,5
2364,7
2365,4
2366,5
2367,8
2368,7
2369,1
2370,9
2371,9
2372,9
2373,6
2374,1
2375,9
2376,1
2377,9
2378,5
2379,2
2380,2
2381,9
2382,6
2383,2
2384,1
2385,3
2386,9
2387,4
2388,5
2389,2
2390,7
2391,5
2392,2
2393,4
2394,2
2395,5
2396,9
2397,7
2398,5
2399,9
2400,9
2401,1
2402,9
2403,10
2404,5
2405,2
2406,7
2407,5
2408,9
2409,3
2410,5
2411,9
2412,9
2413,10
2414,10
2415,4
2416,6
2417,2
2418,8
2419,9
2420,6
2421,6
2422,1
2423,1
2424,7
2425,1
2426,2
2427,1
2428,4
2429,7
2430,9
2431,9
2432,9
2433,9
2434,1
2435,9
2436,7
2437,5
2438,9
2439,1
2440,8
2441,9
2442,7
2443,7
2444,9
2445,7
2446,7
2447,2
2448,1
2449,3
2450,6
2451,2
2452,4
2453,9
2454,5
2455,9
2456,7
2457,1
2458,7
2459,9
2460,6
2461,10
2462,1
2463,2
2464,8
2465,7
2466,10
2467,9
2468,9
2469,1
2470,10
2471,8
2472,9
2473,6
2474,8
2475,3
2476,7
2477,9
2478,2
2479,7
2480,3
2481,9
2482,3
2483,2
2484,3
2485,2
2486,7
2487,3
2488,4
2489,7
2490,8
2491,1
2492,10
2493,9
2494,10
2495,8
2496,6
2497,10
2498,1
2499,6
2500,7
2501,7
2502,5
2503,9
2504,9
2505,7
2506,5
2507,7
2508,1
2509,5
2510,2
2511,5
2512,2
2513,3
2514,3
2515,10
2516,7
2517,10
2518,7
2519,8
2520,2
2521,9
2522,9
2523,9
2524,4
2525,9
2526,10
2527,5
2528,2
2529,10
2530,9
2531,8
2532,3
2533,9
2534,1
2535,10
2536,4
2537,6
2538,9
2539,9
2540,10
2541,5
2542,2
2543,9
2544,1
2545,6
2546,8
2547,9
2548,3
2549,1
2550,7
2551,5
2552,7
2553,10
2554,9
2555,4
2556,10
2557,7
2558,3
2559,2
2560,8
2561,1
2562,7
2563,6
2564,1
2565,2
2566,6
2567,8
2568,4
2569,8
2570,1
2571,4
2572,9
2573,1
2574,5
2575,10
2576,5
2577,7
2578,4
2579,4
2580,9
2581,7
2582,5
2583,9
2584,8
2585,7
2586,4
2587,4
2588,10
2589,7
2590,1
2591,10
2592,10
2593,1
2594,9
2595,1
2596,7
2597,1
2598,6
2599,6
2600,1
2601,9
2602,5
2603,7
2604,10
2605,1
2606,5
2607,2
2608,6
2609,5
2610,9
2611,3
2612,6
2613,1
2614,7
2615,1
2616,8
2617,2
2618,3
2619,7
2620,10
2621,2
2622,9
2623,1
2624,4
2625,1
2626,3
2627,10
2628,3
2629,9
2630,2
2631,2
2632,4
2633,7
2634,5
2635,8
2636,7
2637,2
2638,3
2639,4
2640,6
2641,3
2642,5
2643,5
2644,4
2645,10
2646,2
2647,6
2648,1
2649,3
2650,4
2651,9
2652,9
2653,8
2654,1
2655,7
2656,1
2657,2
2658,2
2659,1
2660,9
2661,6
2662,7
2663,3
2664,8
2665,5
2666,2
2667,7
2668,2
2669,1
2670,7
2671,2
2672,2
2673,1
2674,6
2675,1
2676,3
2677,6
2678,9
2679,8
2680,1
2681,1
2682,1
2683,5
2684,6
2685,4
2686,5
2687,8
2688,9
2689,5
2690,7
2691,6
2692,3
2693,10
2694,10
2695,2
2696,7
2697,10
2698,9
2699,4
2700,5
2701,10
2702,1
2703,5
2704,1
2705,10
2706,1
2707,8
2708,7
2709,3
2710,9
2711,7
2712,4
2713,9
2714,2
2715,9
2716,9
2717,8
2718,1
2719,4
2720,4
2721,4
2722,5
2723,7
2724,9
2725,1
2726,9
2727,4
2728,10
2729,8
2730,1
2731,7
2732,6
2733,8
2734,8
2735,5
2736,7
2737,9
2738,9
2739,4
2740,3
2741,3
2742,7
2743,3
2744,10
2745,10
2746,9
2747,2
2748,6
2749,10
2750,10
2751,8
2752,5
2753,7
2754,3
2755,7
2756,8
2757,7
2758,2
2759,10
2760,2
2761,7
2762,8
2763,3
2764,5
2765,2
2766,10
2767,5
2768,2
2769,7
2770,2
2771,9
2772,4
2773,7
2774,9
2775,7
2776,8
2777,8
2778,6
2779,5
2780,7
2781,8
2782,9
2783,5
2784,1
2785,9
2786,3
2787,5
2788,6
2789,7
2790,1
2791,9
2792,8
2793,1
2794,10
2795,8
2796,2
2797,6
2798,7
2799,6
2800,10
2801,5
2802,6
2803,6
2804,6
2805,8
2806,5
2807,2
2808,10
2809,3
2810,6
2811,1
2812,3
2813,1
2814,2
2815,2
2816,8
2817,6
2818,7
2819,7
2820,4
2821,7
2822,9
2823,6
2824,6
2825,5
2826,7
2827,8
2828,6
2829,5
2830,8
2831,7
2832,6
2833,9
2834,1
2835,7
2836,2
2837,2
2838,9
2839,1
2840,5
2841,5
2842,8
2843,7
2844,6
2845,8
2846,3
2847,9
2848,6
2849,10
2850,7
2851,6
2852,5
2853,3
2854,10
2855,2
2856,4
2857,4
2858,9
2859,5
2860,2
2861,8
2862,6
2863,7
2864,6
2865,6
2866,7
2867,10
2868,7
2869,1
2870,1
2871,9
2872,3
2873,2
2874,10
2875,10
2876,9
2877,9
2878,9
2879,9
2880,1
2881,5
2882,2
2883,7
2884,3
2885,7
2886,6
2887,10
2888,10
2889,4
2890,6
2891,4
2892,3
2893,1
2894,2
2895,7
2896,6
2897,9
2898,4
2899,7
2900,3
2901,6
2902,1
2903,10
2904,10
2905,1
2906,1
2907,2
2908,1
2909,5
2910,9
2911,9
2912,9
2913,6
2914,9
2915,6
2916,6
2917,2
2918,5
2919,1
2920,9
2921,1
2922,9
2923,8
2924,6
2925,2
2926,6
2927,10
2928,9
2929,2
2930,2
2931,4
2932,2
2933,2
2934,5
2935,10
2936,2
2937,6
2938,4
2939,1
2940,7
2941,2
2942,4
2943,4
2944,2
2945,1
2946,5
2947,9
2948,2
2949,1
2950,4
2951,10
2952,1
2953,6
2954,10
2955,2
2956,7
2957,9
2958,9
2959,9
2960,1
2961,8
2962,5
2963,9
2964,9
2965,9
2966,8
2967,10
2968,5
2969,1
2970,6
2971,3
2972,5
2973,10
2974,1
2975,2
2976,5
2977,1
2978,10
2979,3
2980,9
2981,2
2982,7
2983,7
2984,6
2985,7
2986,9
2987,9
2988,3
2989,4
2990,5
2991,5
2992,4
2993,1
2994,1
2995,9
2996,8
2997,8
2998,6
2999,3
3000,3
3001,6
3002,5
3003,3
3004,1
3005,6
3006,1
3007,3
3008,7
3009,9
3010,8
3011,7
3012,2
3013,9
3014,6
3015,9
3016,3
3017,9
3018,6
3019,6
3020,8
3021,2
3022,9
3023,10
3024,1
3025,1
3026,2
3027,8
3028,2
3029,2
3030,10
3031,2
3032,5
3033,6
3034,2
3035,1
3036,7
3037,10
3038,9
3039,1
3040,4
3041,8
3042,5
3043,6
3044,8
3045,8
3046,7
3047,9
3048,6
3049,1
3050,4
3051,1
3052,9
3053,3
3054,7
3055,1
3056,7
3057,3
3058,7
3059,4
3060,10
3061,8
3062,9
3063,10
3064,1
3065,2
3066,5
3067,10
3068,4
3069,1
3070,8
3071,1
3072,6
3073,6
3074,6
3075,2
3076,7
3077,7
3078,6
3079,9
3080,1
3081,8
3082,9
3083,5
3084,4
3085,5
3086,7
3087,10
3088,1
3089,6
3090,9
3091,4
3092,1
3093,6
3094,3
3095,1
3096,8
3097,8
3098,8
3099,3
3100,7
3101,1
3102,5
3103,1
3104,9
3105,8
3106,2
3107,1
3108,4
3109,6
3110,9
3111,4
3112,9
3113,1
3114,5
3115,9
3116,8
3117,5
3118,1
3119,3
3120,7
3121,7
3122,7
3123,2
3124,9
3125,7
3126,6
3127,10
3128,6
3129,10
3130,7
3131,4
3132,3
3133,9
3134,5
3135,2
3136,2
3137,5
3138,6
3139,9
3140,9
3141,2
3142,10
3143,8
3144,4
3145,9
3146,3
3147,1
3148,2
3149,9
3150,2
3151,2
3152,9
3153,2
3154,10
3155,1
3156,9
3157,10
3158,10
3159,10
3160,8
3161,5
3162,1
3163,7
3164,3
3165,3
3166,7
3167,2
3168,1
3169,9
3170,10
3171,6
3172,2
3173,9
3174,4
3175,8
3176,2
3177,8
3178,1
3179,10
3180,2
3181,8
3182,10
3183,9
3184,6
3185,1
3186,4
3187,8
3188,8
3189,8
3190,9
3191,8
3192,5
3193,3
3194,1
3195,4
3196,7
3197,10
3198,7
3199,3
3200,7
3201,7
3202,4
3203,4
3204,5
3205,6
3206,9
3207,1
3208,8
3209,2
3210,9
3211,9
3212,8
3213,7
3214,2
3215,10
3216,10
3217,8
3218,8
3219,10
3220,5
3221,8
3222,6
3223,8
3224,8
3225,6
3226,10
3227,1
3228,7
3229,6
3230,2
3231,3
3232,9
3233,9
3234,2
3235,5
3236,6
3237,8
3238,9
3239,7
3240,2
3241,9
3242,8
3243,7
3244,9
3245,5
3246,9
3247,2
3248,6
3249,1
3250,7
3251,9
3252,4
3253,3
3254,9
3255,8
3256,5
3257,4
3258,8
3259,6
3260,4
3261,1
3262,1
3263,8
3264,2
3265,10
3266,9
3267,10
3268,4
3269,6
3270,10
3271,9
3272,6
3273,8
3274,2
3275,2
3276,3
3277,5
3278,8
3279,1
3280,9
3281,6
3282,9
3283,2
3284,2
3285,6
3286,2
3287,8
3288,7
3289,10
3290,2
3291,6
3292,6
3293,7
3294,9
3295,1
3296,10
3297,4
3298,6
3299,6
3300,6
3301,7
3302,9
3303,9
3304,9
3305,7
3306,10
3307,2
3308,10
3309,9
3310,9
3311,7
3312,3
3313,4
3314,9
3315,2
3316,4
3317,5
3318,8
3319,9
3320,8
3321,3
3322,1
3323,6
3324,9
3325,10
3326,2
3327,5
3328,8
3329,5
3330,6
3331,9
3332,9
3333,5
3334,3
3335,5
3336,1
3337,10
3338,8
3339,8
3340,4
3341,4
3342,2
3343,1
3344,6
3345,9
3346,8
3347,2
3348,9
3349,2
3350,3
3351,9
3352,10
3353,5
3354,7
3355,1
3356,9
3357,5
3358,6
3359,10
3360,8
3361,5
3362,5
3363,2
3364,7
3365,8
3366,10
3367,9
3368,10
3369,10
3370,8
3371,2
3372,3
3373,2
3374,6
3375,10
3376,7
3377,4
3378,6
3379,3
3380,7
3381,10
3382,6
3383,3
3384,9
3385,7
3386,9
3387,5
3388,7
3389,6
3390,2
3391,4
3392,6
3393,6
3394,2
3395,5
3396,2
3397,1
3398,5
3399,1
3400,1
3401,5
3402,3
3403,2
3404,1
3405,6
3406,10
3407,6
3408,10
3409,9
3410,10
3411,5
3412,4
3413,2
3414,2
3415,8
3416,3
3417,1
3418,8
3419,2
3420,7
3421,4
3422,8
3423,6
3424,9
3425,4
3426,10
3427,1
3428,6
3429,7
3430,1
3431,9
3432,5
3433,9
3434,7
3435,6
3436,8
3437,4
3438,7
3439,10
3440,7
3441,9
3442,1
3443,10
3444,5
3445,1
3446,9
3447,7
3448,5
3449,7
3450,9
3451,3
3452,6
3453,4
3454,5
3455,1
3456,3
3457,4
3458,9
3459,4
3460,10
3461,2
3462,6
3463,9
3464,4
3465,10
3466,9
3467,6
3468,10
3469,7
3470,10
3471,2
3472,10
3473,5
3474,5
3475,2
3476,3
3477,9
3478,2
3479,4
3480,4
3481,3
3482,1
3483,2
3484,1
3485,5
3486,9
3487,7
3488,6
3489,2
3490,4
3491,1
3492,6
3493,10
3494,9
3495,2
3496,5
3497,3
3498,3
3499,4
3500,1
3501,5
3502,2
3503,9
3504,8
3505,10
3506,3
3507,3
3508,3
3509,4
3510,1
3511,6
3512,9
3513,5
3514,7
3515,7
3516,9
3517,10
3518,9
3519,6
3520,9
3521,2
3522,1
3523,3
3524,9
3525,7
3526,4
3527,7
3528,6
3529,8
3530,7
3531,8
3532,6
3533,4
3534,7
3535,6
3536,6
3537,1
3538,1
3539,10
3540,6
3541,4
3542,5
3543,2
3544,6
3545,9
3546,5
3547,6
3548,10
3549,1
3550,2
3551,5
3552,1
3553,1
3554,9
3555,4
3556,7
3557,7
3558,7
3559,6
3560,5
3561,10
3562,6
3563,9
3564,7
3565,9
3566,10
3567,4
3568,6
3569,9
3570,9
3571,6
3572,6
3573,4
3574,7
3575,4
3576,2
3577,7
3578,1
3579,10
3580,10
3581,2
3582,7
3583,7
3584,2
3585,4
3586,9
3587,9
3588,1
3589,5
3590,8
3591,8
3592,6
3593,3
3594,9
3595,6
3596,5
3597,7
3598,2
3599,3
3600,8
3601,5
3602,7
3603,5
3604,2
3605,9
3606,5
3607,9
3608,8
3609,1
3610,10
3611,9
3612,1
3613,2
3614,8
3615,7
3616,8
3617,3
3618,6
3619,9
3620,10
3621,8
3622,1
3623,6
3624,6
3625,3
3626,9
3627,10
3628,8
3629,2
3630,1
3631,2
3632,9
3633,10
3634,4
3635,2
3636,5
3637,6
3638,7
3639,1
3640,6
3641,3
3642,9
3643,4
3644,10
3645,9
3646,2
3647,10
3648,2
3649,8
3650,6
3651,1
3652,1
3653,9
3654,10
3655,7
3656,10
3657,6
3658,5
3659,8
3660,7
3661,1
3662,10
3663,4
3664,2
3665,8
3666,7
3667,8
3668,4
3669,8
3670,4
3671,10
3672,8
3673,9
3674,9
3675,9
3676,3
3677,6
3678,10
3679,10
3680,9
3681,4
3682,5
3683,4
3684,6
3685,10
3686,6
3687,9
3688,10
3689,8
3690,8
3691,6
3692,10
3693,4
3694,9
3695,8
3696,9
3697,3
3698,6
3699,9
3700,10
3701,6
3702,2
3703,1
3704,5
3705,6
3706,9
3707,5
3708,2
3709,2
3710,4
3711,3
3712,5
3713,9
3714,6
3715,3
3716,5
3717,5
3718,4
3719,9
3720,4
3721,4
3722,7
3723,8
3724,10
3725,7
3726,8
3727,7
3728,10
3729,7
3730,9
3731,2
3732,10
3733,10
3734,9
3735,6
3736,8
3737,1
3738,6
3739,10
3740,10
3741,1
3742,8
3743,2
3744,6
3745,5
3746,9
3747,7
3748,10
3749,3
3750,2
3751,10
3752,8
3753,2
3754,4
3755,9
3756,5
3757,1
3758,1
3759,7
3760,5
3761,5
3762,1
3763,5
3764,9
3765,1
3766,1
3767,3
3768,7
3769,2
3770,9
3771,2
3772,1
3773,10
3774,7
3775,3
3776,7
3777,10
3778,8
3779,5
3780,8
3781,7
3782,3
3783,8
3784,6
3785,6
3786,3
3787,4
3788,6
3789,5
3790,7
3791,7
3792,8
3793,1
3794,6
3795,1
3796,5
3797,4
3798,4
3799,6
3800,10
3801,9
3802,1
3803,10
3804,9
3805,3
3806,2
3807,1
3808,9
3809,6
3810,7
3811,6
3812,8
3813,2
3814,9
3815,2
3816,8
3817,5
3818,3
3819,2
3820,8
3821,1
3822,9
3823,5
3824,1
3825,8
3826,1
3827,2
3828,7
3829,1
3830,9
3831,6
3832,8
3833,8
3834,10
3835,10
3836,2
3837,8
3838,8
3839,2
3840,6
3841,4
3842,2
3843,9
3844,8
3845,3
3846,1
3847,10
3848,10
3849,1
3850,3
3851,8
3852,7
3853,2
3854,3
3855,2
3856,2
3857,2
3858,9
3859,9
3860,8
3861,8
3862,9
3863,5
3864,9
3865,2
3866,8
3867,1
3868,6
3869,3
3870,9
3871,1
3872,9
3873,6
3874,2
3875,7
3876,5
3877,8
3878,5
3879,6
3880,5
3881,5
3882,1
3883,4
3884,6
3885,5
3886,4
3887,1
3888,6
3889,2
3890,7
3891,3
3892,4
3893,4
3894,1
3895,10
3896,2
3897,5
3898,1
3899,2
3900,7
3901,1
3902,2
3903,10
3904,9
3905,2
3906,3
3907,3
3908,8
3909,3
3910,3
3911,8
3912,9
3913,9
3914,8
3915,5
3916,3
3917,10
3918,9
3919,4
3920,3
3921,10
3922,10
3923,1
3924,4
3925,1
3926,2
3927,10
3928,1
3929,6
3930,4
3931,2
3932,5
3933,9
3934,2
3935,3
3936,8
3937,7
3938,9
3939,1
3940,10
3941,6
3942,5
3943,2
3944,1
3945,8
3946,7
3947,1
3948,3
3949,6
3950,4
3951,9
3952,2
3953,7
3954,3
3955,8
3956,1
3957,6
3958,10
3959,2
3960,6
3961,6
3962,2
3963,5
3964,6
3965,10
3966,1
3967,7
3968,5
3969,9
3970,8
3971,8
3972,1
3973,8
3974,7
3975,9
3976,5
3977,7
3978,5
3979,7
3980,10
3981,2
3982,4
3983,10
3984,5
3985,7
3986,8
3987,2
3988,10
3989,7
3990,7
3991,5
3992,7
3993,1
3994,6
3995,1
3996,2
3997,1
3998,2
3999,4
4000,9
4001,8
4002,5
4003,9
4004,1
4005,10
4006,7
4007,9
4008,2
4009,9
4010,5
4011,5
4012,9
4013,7
4014,7
4015,10
4016,2
4017,7
4018,7
4019,10
4020,10
4021,10
4022,10
4023,7
4024,8
4025,1
4026,6
4027,9
4028,7
4029,9
4030,8
4031,9
4032,7
4033,2
4034,4
4035,3
4036,5
4037,9
4038,6
4039,9
4040,10
4041,1
4042,3
4043,9
4044,6
4045,3
4046,5
4047,5
4048,5
4049,5
4050,7
4051,7
4052,4
4053,5
4054,7
4055,9
4056,2
4057,2
4058,9
4059,8
4060,2
4061,7
4062,6
4063,1
4064,1
4065,8
4066,5
4067,7
4068,10
4069,6
4070,3
4071,10
4072,8
4073,6
4074,9
4075,1
4076,6
4077,6
4078,4
4079,10
4080,9
4081,2
4082,10
4083,4
4084,5
4085,1
4086,8
4087,9
4088,9
4089,10
4090,6
4091,3
4092,9
4093,8
4094,6
4095,6
4096,5
4097,9
4098,7
4099,10
4100,5
4101,8
4102,3
4103,5
4104,9
4105,1
4106,10
4107,9
4108,8
4109,7
4110,4
4111,8
4112,2
4113,6
4114,9
4115,5
4116,1
4117,7
4118,10
4119,3
4120,4
4121,1
4122,4
4123,7
4124,1
4125,9
4126,3
4127,1
4128,7
4129,10
4130,2
4131,8
4132,2
4133,5
4134,2
4135,5
4136,1
4137,7
4138,5
4139,7
4140,2
4141,3
4142,9
4143,9
4144,2
4145,6
4146,9
4147,5
4148,7
4149,9
4150,10
4151,7
4152,7
4153,5
4154,1
4155,8
4156,8
4157,4
4158,3
4159,5
4160,5
4161,3
4162,7
4163,2
4164,7
4165,4
4166,9
4167,5
4168,7
4169,9
4170,2
4171,6
4172,1
4173,6
4174,3
4175,3
4176,8
4177,6
4178,10
4179,8
4180,7
4181,1
4182,3
4183,3
4184,8
4185,7
4186,1
4187,8
4188,1
4189,7
4190,6
4191,8
4192,10
4193,1
4194,1
4195,1
4196,4
4197,9
4198,10
4199,1
4200,1
4201,7
4202,2
4203,1
4204,7
4205,7
4206,5
4207,10
4208,6
4209,8
4210,8
4211,4
4212,5
4213,2
4214,5
4215,10
4216,10
4217,4
4218,2
4219,10
4220,1
4221,1
4222,6
4223,9
4224,9
4225,3
4226,8
4227,9
4228,6
4229,1
4230,9
4231,3
4232,8
4233,6
4234,8
4235,5
4236,10
4237,10
4238,2
4239,2
4240,7
4241,2
4242,4
4243,1
4244,7
4245,8
4246,1
4247,6
4248,4
4249,9
4250,7
4251,7
4252,5
4253,2
4254,2
4255,9
4256,10
4257,9
4258,7
4259,6
4260,7
4261,10
4262,9
4263,5
4264,7
4265,5
4266,2
4267,6
4268,8
4269,8
4270,8
4271,1
4272,1
4273,5
4274,1
4275,2
4276,6
4277,2
4278,6
4279,7
4280,3
4281,9
4282,8
4283,6
4284,7
4285,7
4286,7
4287,1
4288,7
4289,2
4290,2
4291,3
4292,3
4293,6
4294,2
4295,4
4296,1
4297,2
4298,7
4299,2
4300,9
4301,9
4302,7
4303,4
4304,7
4305,6
4306,1
4307,4
4308,3
4309,1
4310,9
4311,5
4312,1
4313,3
4314,8
4315,2
4316,9
4317,1
4318,9
4319,2
4320,7
4321,9
4322,9
4323,5
4324,6
4325,10
4326,5
4327,8
4328,10
4329,1
4330,7
4331,9
4332,7
4333,9
4334,8
4335,8
4336,10
4337,10
4338,2
4339,10
4340,8
4341,1
4342,2
4343,9
4344,6
4345,5
4346,4
4347,7
4348,1
4349,9
4350,9
4351,5
4352,9
4353,7
4354,5
4355,10
4356,2
4357,1
4358,8
4359,6
4360,1
4361,8
4362,9
4363,5
4364,10
4365,8
4366,9
4367,4
4368,1
4369,5
4370,8
4371,1
4372,2
4373,2
4374,1
4375,10
4376,6
4377,5
4378,3
4379,2
4380,7
4381,10
4382,5
4383,8
4384,5
4385,9
4386,9
4387,7
4388,1
4389,8
4390,9
4391,6
4392,9
4393,3
4394,4
4395,6
4396,8
4397,9
4398,9
4399,7
4400,4
4401,7
4402,2
4403,5
4404,4
4405,5
4406,7
4407,8
4408,6
4409,5
4410,9
4411,9
4412,5
4413,8
4414,7
4415,7
4416,1
4417,7
4418,10
4419,2
4420,1
4421,9
4422,2
4423,7
4424,5
4425,10
4426,2
4427,1
4428,3
4429,9
4430,5
4431,1
4432,9
4433,7
4434,9
4435,3
4436,4
4437,7
4438,2
4439,7
4440,10
4441,7
4442,2
4443,8
4444,5
4445,5
4446,10
4447,7
4448,2
4449,7
4450,4
4451,1
4452,3
4453,4
4454,1
4455,7
4456,10
4457,8
4458,4
4459,4
4460,9
4461,10
4462,1
4463,6
4464,8
4465,7
4466,7
4467,6
4468,2
4469,10
4470,4
4471,1
4472,4
4473,7
4474,7
4475,10
4476,1
4477,6
4478,8
4479,4
4480,5
4481,7
4482,2
4483,7
4484,9
4485,7
4486,8
4487,7
4488,4
4489,3
4490,4
4491,9
4492,3
4493,9
4494,7
4495,9
4496,5
4497,9
4498,9
4499,9
4500,5
4501,7
4502,3
4503,8
4504,10
4505,1
4506,5
4507,2
4508,3
4509,3
4510,8
4511,1
4512,7
4513,1
4514,4
4515,9
4516,1
4517,2
4518,1
4519,9
4520,2
4521,7
4522,8
4523,5
4524,8
4525,3
4526,3
4527,6
4528,6
4529,7
4530,5
4531,1
4532,5
4533,2
4534,9
4535,7
4536,7
4537,10
4538,8
4539,6
4540,10
4541,10
4542,7
4543,5
4544,7
4545,8
4546,7
4547,1
4548,6
4549,4
4550,2
4551,7
4552,6
4553,7
4554,7
4555,5
4556,6
4557,3
4558,10
4559,1
4560,6
4561,2
4562,3
4563,3
4564,3
4565,10
4566,7
4567,1
4568,5
4569,8
4570,9
4571,4
4572,5
4573,8
4574,5
4575,3
4576,7
4577,5
4578,2
4579,4
4580,6
4581,5
4582,6
4583,2
4584,5
4585,1
4586,1
4587,1
4588,3
4589,10
4590,6
4591,3
4592,1
4593,8
4594,8
4595,10
4596,9
4597,5
4598,10
4599,2
4600,10
4601,5
4602,2
4603,10
4604,7
4605,7
4606,3
4607,7
4608,5
4609,7
4610,10
4611,7
4612,2
4613,8
4614,9
4615,6
4616,6
4617,5
4618,10
4619,5
4620,1
4621,4
4622,9
4623,6
4624,6
4625,4
4626,1
4627,6
4628,7
4629,7
4630,8
4631,7
4632,6
4633,9
4634,2
4635,6
4636,6
4637,8
4638,7
4639,5
4640,5
4641,4
4642,5
4643,5
4644,3
4645,8
4646,7
4647,9
4648,1
4649,7
4650,1
4651,7
4652,9
4653,4
4654,7
4655,5
4656,4
4657,1
4658,10
4659,10
4660,8
4661,5
4662,6
4663,7
4664,2
4665,2
4666,4
4667,9
4668,1
4669,7
4670,3
4671,8
4672,7
4673,5
4674,1
4675,6
4676,4
4677,2
4678,5
4679,9
4680,6
4681,10
4682,2
4683,6
4684,5
4685,10
4686,7
4687,10
4688,1
4689,8
4690,2
4691,5
4692,7
4693,9
4694,3
4695,1
4696,2
4697,7
4698,8
4699,4
4700,6
4701,7
4702,1
4703,7
4704,7
4705,10
4706,6
4707,3
4708,10
4709,10
4710,10
4711,4
4712,10
4713,5
4714,9
4715,7
4716,10
4717,10
4718,5
4719,6
4720,10
4721,9
4722,2
4723,6
4724,10
4725,9
4726,10
4727,10
4728,10
4729,10
4730,6
4731,5
4732,5
4733,6
4734,2
4735,5
4736,10
4737,6
4738,2
4739,1
4740,7
4741,7
4742,9
4743,9
4744,7
4745,6
4746,1
4747,7
4748,6
4749,2
4750,5
4751,8
4752,3
4753,2
4754,1
4755,2
4756,7
4757,3
4758,3
4759,2
4760,1
4761,3
4762,10
4763,9
4764,1
4765,6
4766,6
4767,10
4768,1
4769,10
4770,9
4771,9
4772,1
4773,7
4774,5
4775,8
4776,3
4777,4
4778,3
4779,7
4780,10
4781,9
4782,10
4783,6
4784,4
4785,9
4786,10
4787,6
4788,10
4789,5
4790,10
4791,10
4792,10
4793,9
4794,10
4795,7
4796,6
4797,10
4798,6
4799,10
4800,1
4801,2
4802,5
4803,1
4804,7
4805,6
4806,7
4807,6
4808,10
4809,8
4810,9
4811,4
4812,1
4813,9
4814,9
4815,7
4816,10
4817,3
4818,2
4819,10
4820,6
4821,4
4822,8
4823,4
4824,9
4825,1
4826,7
4827,5
4828,10
4829,7
4830,6
4831,7
4832,2
4833,7
4834,7
4835,1
4836,2
4837,2
4838,8
4839,10
4840,5
4841,1
4842,4
4843,1
4844,5
4845,7
4846,1
4847,1
4848,5
4849,9
4850,2
4851,6
4852,10
4853,3
4854,8
4855,1
4856,2
4857,8
4858,6
4859,3
4860,7
4861,6
4862,9
4863,3
4864,2
4865,4
4866,2
4867,10
4868,9
4869,1
4870,9
4871,1
4872,7
4873,2
4874,7
4875,9
4876,2
4877,1
4878,7
4879,7
4880,5
4881,1
4882,9
4883,7
4884,7
4885,2
4886,1
4887,6
4888,8
4889,6
4890,7
4891,2
4892,7
4893,5
4894,10
4895,10
4896,2
4897,1
4898,1
4899,7
4900,5
4901,5
4902,1
4903,5
4904,2
4905,10
4906,8
4907,7
4908,6
4909,2
4910,1
4911,2
4912,2
4913,2
4914,2
4915,4
4916,6
4917,2
4918,2
4919,3
4920,9
4921,1
4922,1
4923,8
4924,2
4925,7
4926,10
4927,6
4928,2
4929,9
4930,9
4931,3
4932,9
4933,7
4934,4
4935,1
4936,3
4937,10
4938,2
4939,10
4940,1
4941,7
4942,7
4943,7
4944,2
4945,9
4946,2
4947,3
4948,8
4949,2
4950,1
4951,7
4952,5
4953,8
4954,9
4955,1
4956,9
4957,8
4958,5
4959,3
4960,9
4961,7
4962,9
4963,4
4964,4
4965,3
4966,3
4967,10
4968,7
4969,1
4970,2
4971,4
4972,8
4973,8
4974,10
4975,5
4976,5
4977,8
4978,10
4979,1
4980,7
4981,10
4982,1
4983,10
4984,6
4985,10
4986,5
4987,10
4988,7
4989,5
4990,2
4991,7
4992,9
4993,10
4994,9
4995,8
4996,4
4997,5
4998,4
4999,6
5000,2
5001,8
5002,7
5003,9
5004,8
5005,7
5006,6
5007,10
5008,4
5009,5
5010,8
5011,2
5012,2
5013,6
5014,1
5015,10
5016,3
5017,10
5018,1
5019,1
5020,2
5021,9
5022,1
5023,5
5024,3
5025,10
5026,9
5027,3
5028,1
5029,3
5030,4
5031,5
5032,10
5033,1
5034,4
5035,1
5036,6
5037,1
5038,9
5039,6
5040,7
5041,3
5042,10
5043,3
5044,1
5045,7
5046,8
5047,1
5048,6
5049,10
5050,7
5051,7
5052,10
5053,6
5054,6
5055,10
5056,1
5057,10
5058,5
5059,1
5060,5
5061,5
5062,3
5063,3
5064,2
5065,4
5066,9
5067,8
5068,2
5069,6
5070,9
5071,4
5072,2
5073,6
5074,6
5075,2
5076,2
5077,3
5078,1
5079,10
5080,9
5081,4
5082,9
5083,8
5084,10
5085,6
5086,2
5087,5
5088,10
5089,6
5090,4
5091,10
5092,3
5093,10
5094,9
5095,1
5096,1
5097,2
5098,3
5099,9
5100,3
5101,5
5102,6
5103,3
5104,10
5105,10
5106,10
5107,5
5108,2
5109,10
5110,1
5111,9
5112,7
5113,2
5114,7
5115,8
5116,6
5117,7
5118,6
5119,3
5120,3
5121,9
5122,4
5123,7
5124,3
5125,1
5126,7
5127,1
5128,9
5129,4
5130,2
5131,9
5132,7
5133,1
5134,7
5135,7
5136,2
5137,2
5138,10
5139,9
5140,4
5141,9
5142,6
5143,9
5144,10
5145,9
5146,5
5147,7
5148,5
5149,4
5150,7
5151,5
5152,2
5153,2
5154,3
5155,1
5156,8
5157,6
5158,7
5159,5
5160,7
5161,10
5162,4
5163,1
5164,4
5165,1
5166,2
5167,9
5168,3
5169,8
5170,8
5171,10
5172,8
5173,6
5174,3
5175,4
5176,7
5177,9
5178,7
5179,6
5180,6
5181,9
5182,10
5183,4
5184,7
5185,9
5186,10
5187,9
5188,6
5189,9
5190,1
5191,1
5192,4
5193,1
5194,7
5195,4
5196,7
5197,1
5198,10
5199,9
5200,8
5201,7
5202,9
5203,10
5204,6
5205,8
5206,9
5207,8
5208,8
5209,5
5210,8
5211,4
5212,10
5213,4
5214,7
5215,9
5216,2
5217,8
5218,2
5219,8
5220,3
5221,1
5222,7
5223,8
5224,9
5225,1
5226,1
5227,3
5228,5
5229,4
5230,7
5231,9
5232,3
5233,6
5234,2
5235,3
5236,5
5237,10
5238,7
5239,1
5240,1
5241,9
5242,7
5243,1
5244,9
5245,3
5246,2
5247,5
5248,9
5249,10
5250,9
5251,6
5252,6
5253,5
5254,8
5255,9
5256,2
5257,1
5258,1
5259,5
5260,7
5261,1
5262,10
5263,5
5264,2
5265,5
5266,3
5267,6
5268,7
5269,10
5270,3
5271,2
5272,4
5273,4
5274,7
5275,5
5276,8
5277,9
5278,2
5279,10
5280,1
5281,9
5282,7
5283,3
5284,5
5285,4
5286,2
5287,9
5288,5
5289,7
5290,3
5291,4
5292,2
5293,7
5294,1
5295,9
5296,9
5297,5
5298,4
5299,6
5300,3
5301,2
5302,3
5303,1
5304,4
5305,7
5306,3
5307,3
5308,2
5309,10
5310,9
5311,9
5312,7
5313,6
5314,2
5315,8
5316,10
5317,6
5318,5
5319,1
5320,8
5321,4
5322,7
5323,3
5324,2
5325,10
5326,9
5327,4
5328,6
5329,9
5330,2
5331,7
5332,5
5333,10
5334,2
5335,7
5336,7
5337,4
5338,6
5339,6
5340,1
5341,3
5342,7
5343,1
5344,6
5345,4
5346,5
5347,1
5348,1
5349,6
5350,3
5351,6
5352,4
5353,6
5354,10
5355,1
5356,9
5357,10
5358,1
5359,8
5360,1
5361,10
5362,10
5363,2
5364,8
5365,1
5366,4
5367,6
5368,2
5369,8
5370,8
5371,1
5372,2
5373,9
5374,2
5375,2
5376,2
5377,6
5378,6
5379,8
5380,2
5381,10
5382,10
5383,1
5384,4
5385,7
5386,2
5387,10
5388,6
5389,7
5390,7
5391,2
5392,2
5393,1
5394,8
5395,9
5396,9
5397,10
5398,2
5399,6
5400,9
5401,9
5402,9
5403,5
5404,5
5405,3
5406,1
5407,4
5408,5
5409,10
5410,2
5411,5
5412,7
5413,4
5414,6
5415,5
5416,6
5417,2
5418,8
5419,9
5420,7
5421,7
5422,5
5423,9
5424,7
5425,6
5426,10
5427,6
5428,5
5429,8
5430,7
5431,8
5432,10
5433,10
5434,6
5435,6
5436,9
5437,6
5438,3
5439,5
5440,2
5441,10
5442,4
5443,9
5444,7
5445,7
5446,5
5447,2
5448,6
5449,10
5450,2
5451,2
5452,4
5453,10
5454,9
5455,1
5456,2
5457,2
5458,9
5459,5
5460,7
5461,7
5462,2
5463,7
5464,1
5465,7
5466,7
5467,9
5468,1
5469,2
5470,2
5471,6
5472,5
5473,10
5474,6
5475,4
5476,1
5477,7
5478,9
5479,6
5480,7
5481,2
5482,8
5483,10
5484,2
5485,5
5486,9
5487,2
5488,10
5489,10
5490,2
5491,2
5492,8
5493,1
5494,7
5495,9
5496,5
5497,7
5498,3
5499,2
5500,5
5501,2
5502,2
5503,7
5504,9
5505,6
5506,5
5507,3
5508,5
5509,8
5510,2
5511,4
5512,7
5513,10
5514,10
5515,9
5516,5
5517,1
5518,2
5519,9
5520,7
5521,7
5522,10
5523,9
5524,7
5525,9
5526,8
5527,10
5528,8
5529,6
5530,1
5531,9
5532,9
5533,7
5534,9
5535,7
5536,8
5537,5
5538,4
5539,5
5540,5
5541,7
5542,9
5543,9
5544,1
5545,2
5546,3
5547,8
5548,9
5549,10
5550,6
5551,6
5552,2
5553,6
5554,6
5555,9
5556,6
5557,10
5558,6
5559,6
5560,4
5561,4
5562,2
5563,3
5564,10
5565,9
5566,5
5567,10
5568,4
5569,2
5570,2
5571,6
5572,10
5573,2
5574,7
5575,8
5576,4
5577,4
5578,5
5579,2
5580,10
5581,6
5582,6
5583,3
5584,1
5585,1
5586,2
5587,9
5588,9
5589,3
5590,3
5591,3
5592,4
5593,6
5594,10
5595,9
5596,9
5597,10
5598,8
5599,2
5600,8
5601,10
5602,1
5603,7
5604,7
5605,2
5606,2
5607,10
5608,2
5609,2
5610,1
5611,10
5612,1
5613,9
5614,7
5615,9
5616,6
5617,7
5618,6
5619,9
5620,9
5621,5
5622,10
5623,2
5624,9
5625,6
5626,6
5627,6
5628,4
5629,10
5630,6
5631,9
5632,4
5633,2
5634,3
5635,3
5636,8
5637,2
5638,3
5639,7
5640,2
5641,6
5642,7
5643,3
5644,4
5645,6
5646,4
5647,9
5648,4
5649,1
5650,8
5651,7
5652,5
5653,1
5654,7
5655,5
5656,10
5657,1
5658,2
5659,5
5660,6
5661,10
5662,5
5663,5
5664,2
5665,6
5666,1
5667,7
5668,2
5669,8
5670,5
5671,6
5672,2
5673,9
5674,6
5675,10
5676,3
5677,6
5678,3
5679,3
5680,9
5681,10
5682,3
5683,9
5684,8
5685,3
5686,6
5687,3
5688,6
5689,9
5690,9
5691,8
5692,2
5693,6
5694,8
5695,6
5696,8
5697,5
5698,2
5699,9
5700,5
5701,3
5702,6
5703,1
5704,2
5705,5
5706,4
5707,5
5708,1
5709,6
5710,4
5711,6
5712,7
5713,3
5714,6
5715,6
5716,7
5717,1
5718,6
5719,10
5720,7
5721,10
5722,1
5723,1
5724,7
5725,6
5726,6
5727,2
5728,5
5729,8
5730,10
5731,9
5732,10
5733,10
5734,2
5735,4
5736,1
5737,2
5738,9
5739,7
5740,7
5741,5
5742,9
5743,6
5744,7
5745,8
5746,8
5747,8
5748,1
5749,9
5750,8
5751,2
5752,9
5753,8
5754,3
5755,6
5756,4
5757,8
5758,5
5759,2
5760,8
5761,5
5762,3
5763,9
5764,10
5765,8
5766,10
5767,9
5768,8
5769,8
5770,2
5771,10
5772,7
5773,10
5774,6
5775,6
5776,10
5777,3
5778,9
5779,3
5780,2
5781,8
5782,2
5783,8
5784,1
5785,7
5786,3
5787,3
5788,7
5789,9
5790,5
5791,10
5792,9
5793,5
5794,10
5795,1
5796,8
5797,9
5798,2
5799,9
5800,3
5801,7
5802,2
5803,5
5804,2
5805,1
5806,2
5807,10
5808,7
5809,9
5810,1
5811,6
5812,7
5813,6
5814,5
5815,10
5816,5
5817,7
5818,7
5819,2
5820,8
5821,7
5822,1
5823,1
5824,6
5825,10
5826,8
5827,5
5828,1
5829,6
5830,5
5831,7
5832,2
5833,10
5834,3
5835,6
5836,3
5837,6
5838,5
5839,7
5840,5
5841,6
5842,7
5843,6
5844,7
5845,1
5846,6
5847,6
5848,4
5849,6
5850,8
5851,5
5852,2
5853,4
5854,5
5855,4
5856,3
5857,6
5858,9
5859,8
5860,2
5861,2
5862,6
5863,6
5864,10
5865,4
5866,4
5867,7
5868,4
5869,10
5870,7
5871,7
5872,9
5873,5
5874,5
5875,7
5876,1
5877,7
5878,2
5879,4
5880,2
5881,9
5882,6
5883,9
5884,7
5885,10
5886,3
5887,6
5888,2
5889,6
5890,5
5891,7
5892,1
5893,9
5894,10
5895,4
5896,7
5897,2
5898,5
5899,9
5900,9
5901,6
5902,7
5903,10
5904,9
5905,8
5906,2
5907,5
5908,7
5909,6
5910,2
5911,9
5912,7
5913,2
5914,8
5915,2
5916,4
5917,9
5918,3
5919,2
5920,1
5921,6
5922,7
5923,8
5924,9
5925,10
5926,4
5927,9
5928,7
5929,4
5930,2
5931,3
5932,2
5933,6
5934,1
5935,1
5936,7
5937,6
5938,10
5939,1
5940,9
5941,5
5942,10
5943,5
5944,8
5945,4
5946,8
5947,9
5948,6
5949,1
5950,7
5951,1
5952,1
5953,5
5954,1
5955,2
5956,1
5957,8
5958,1
5959,9
5960,1
5961,4
5962,8
5963,8
5964,10
5965,2
5966,8
5967,10
5968,10
5969,1
5970,5
5971,2
5972,2
5973,9
5974,5
5975,10
5976,10
5977,4
5978,7
5979,7
5980,8
5981,10
5982,8
5983,8
5984,6
5985,1
5986,8
5987,10
5988,10
5989,10
5990,9
5991,8
5992,4
5993,3
5994,9
5995,10
5996,9
5997,3
5998,8
5999,6
6000,2
6001,10
6002,9
6003,3
6004,1
6005,8
6006,6
6007,8
6008,7
6009,2
6010,5
6011,7
6012,9
6013,7
6014,8
6015,9
6016,10
6017,7
6018,7
6019,7
6020,8
6021,8
6022,6
6023,1
6024,4
6025,4
6026,5
6027,6
6028,6
6029,9
6030,1
6031,9
6032,6
6033,7
6034,3
6035,2
6036,7
6037,1
6038,3
6039,7
6040,9
6041,7
6042,6
6043,5
6044,3
6045,8
6046,9
6047,3
6048,9
6049,2
6050,9
6051,4
6052,5
6053,9
6054,7
6055,3
6056,9
6057,5
6058,9
6059,8
6060,10
6061,4
6062,9
6063,7
6064,4
6065,7
6066,3
6067,4
6068,2
6069,8
6070,1
6071,10
6072,8
6073,6
6074,1
6075,10
6076,1
6077,7
6078,4
6079,1
6080,4
6081,2
6082,7
6083,1
6084,9
6085,2
6086,8
6087,2
6088,4
6089,7
6090,7
6091,2
6092,9
6093,6
6094,8
6095,6
6096,10
6097,9
6098,6
6099,4
6100,8
6101,9
6102,10
6103,10
6104,10
6105,6
6106,1
6107,8
6108,9
6109,3
6110,5
6111,10
6112,1
6113,6
6114,9
6115,10
6116,9
6117,3
6118,2
6119,1
6120,9
6121,6
6122,6
6123,7
6124,3
6125,8
6126,9
6127,4
6128,3
6129,1
6130,10
6131,2
6132,9
6133,1
6134,1
6135,5
6136,2
6137,3
6138,5
6139,1
6140,10
6141,10
6142,9
6143,2
6144,2
6145,8
6146,10
6147,1
6148,10
6149,5
6150,8
6151,1
6152,7
6153,7
6154,3
6155,1
6156,9
6157,2
6158,8
6159,1
6160,5
6161,6
6162,3
6163,1
6164,6
6165,8
6166,2
6167,2
6168,1
6169,2
6170,8
6171,7
6172,8
6173,2
6174,2
6175,4
6176,7
6177,2
6178,5
6179,7
6180,9
6181,9
6182,9
6183,2
6184,6
6185,5
6186,8
6187,10
6188,1
6189,10
6190,1
6191,7
6192,9
6193,7
6194,10
6195,8
6196,2
6197,2
6198,4
6199,10
6200,6
6201,10
6202,2
6203,6
6204,7
6205,3
6206,10
6207,3
6208,6
6209,10
6210,5
6211,3
6212,9
6213,9
6214,5
6215,6
6216,1
6217,6
6218,9
6219,9
6220,1
6221,7
6222,1
6223,1
6224,8
6225,6
6226,1
6227,4
6228,6
6229,6
6230,3
6231,5
6232,9
6233,7
6234,8
6235,7
6236,3
6237,10
6238,5
6239,1
6240,7
6241,5
6242,3
6243,1
6244,7
6245,9
6246,6
6247,4
6248,3
6249,1
6250,8
6251,7
6252,10
6253,1
6254,7
6255,5
6256,7
6257,10
6258,1
6259,1
6260,8
6261,5
6262,1
6263,9
6264,8
6265,7
6266,7
6267,6
6268,9
6269,6
6270,2
6271,7
6272,7
6273,6
6274,10
6275,6
6276,1
6277,6
6278,10
6279,6
6280,2
6281,4
6282,6
6283,7
6284,4
6285,5
6286,1
6287,9
6288,6
6289,7
6290,10
6291,2
6292,10
6293,7
6294,7
6295,1
6296,9
6297,9
6298,6
6299,6
6300,2
6301,3
6302,10
6303,1
6304,10
6305,1
6306,5
6307,9
6308,4
6309,5
6310,5
6311,6
6312,4
6313,3
6314,10
6315,7
6316,5
6317,9
6318,9
6319,10
6320,8
6321,1
6322,1
6323,8
6324,3
6325,8
6326,8
6327,5
6328,5
6329,1
6330,4
6331,5
6332,1
6333,8
6334,6
6335,7
6336,7
6337,1
6338,10
6339,6
6340,3
6341,8
6342,6
6343,9
6344,9
6345,5
6346,2
6347,9
6348,1
6349,10
6350,1
6351,8
6352,1
6353,3
6354,1
6355,8
6356,1
6357,8
6358,6
6359,3
6360,5
6361,7
6362,9
6363,5
6364,1
6365,9
6366,8
6367,9
6368,3
6369,8
6370,9
6371,6
6372,10
6373,7
6374,8
6375,10
6376,3
6377,9
6378,10
6379,10
6380,10
6381,6
6382,2
6383,4
6384,5
6385,5
6386,5
6387,6
6388,4
6389,4
6390,4
6391,8
6392,5
6393,6
6394,3
6395,10
6396,9
6397,7
6398,7
6399,7
6400,10
6401,4
6402,7
6403,10
6404,3
6405,1
6406,10
6407,10
6408,3
6409,2
6410,10
6411,2
6412,4
6413,9
6414,2
6415,5
6416,5
6417,3
6418,7
6419,2
6420,10
6421,1
6422,5
6423,4
6424,7
6425,1
6426,10
6427,2
6428,3
6429,3
6430,6
6431,1
6432,9
6433,4
6434,3
6435,9
6436,9
6437,9
6438,1
6439,7
6440,4
6441,9
6442,6
6443,6
6444,7
6445,5
6446,2
6447,4
6448,10
6449,6
6450,9
6451,1
6452,8
6453,6
6454,5
6455,8
6456,6
6457,7
6458,5
6459,5
6460,7
6461,7
6462,7
6463,1
6464,9
6465,10
6466,1
6467,1
6468,4
6469,9
6470,9
6471,10
6472,8
6473,10
6474,10
6475,10
6476,7
6477,9
6478,3
6479,10
6480,5
6481,5
6482,2
6483,6
6484,7
6485,9
6486,2
6487,3
6488,6
6489,10
6490,9
6491,10
6492,9
6493,2
6494,2
6495,9
6496,5
6497,8
6498,5
6499,6
6500,8
6501,1
6502,5
6503,5
6504,5
6505,3
6506,5
6507,6
6508,10
6509,1
6510,10
6511,7
6512,5
6513,7
6514,8
6515,2
6516,2
6517,3
6518,8
6519,6
6520,7
6521,5
6522,5
6523,10
6524,7
6525,1
6526,7
6527,9
6528,6
6529,1
6530,6
6531,6
6532,7
6533,8
6534,10
6535,8
6536,10
6537,6
6538,9
6539,10
6540,8
6541,10
6542,2
6543,6
6544,6
6545,9
6546,1
6547,1
6548,7
6549,1
6550,9
6551,2
6552,5
6553,10
6554,7
6555,6
6556,2
6557,3
6558,10
6559,3
6560,5
6561,5
6562,9
6563,9
6564,3
6565,6
6566,10
6567,7
6568,5
6569,4
6570,2
6571,9
6572,4
6573,5
6574,6
6575,10
6576,6
6577,2
6578,2
6579,7
6580,10
6581,10
6582,6
6583,5
6584,1
6585,6
6586,7
6587,7
6588,4
6589,9
6590,3
6591,8
6592,5
6593,6
6594,1
6595,9
6596,3
6597,7
6598,10
6599,10
6600,5
6601,8
6602,1
6603,10
6604,7
6605,6
6606,3
6607,2
6608,8
6609,6
6610,6
6611,2
6612,1
6613,4
6614,1
6615,7
6616,10
6617,1
6618,3
6619,1
6620,10
6621,7
6622,1
6623,5
6624,1
6625,5
6626,7
6627,2
6628,6
6629,6
6630,1
6631,5
6632,5
6633,8
6634,9
6635,1
6636,1
6637,5
6638,10
6639,1
6640,9
6641,10
6642,9
6643,8
6644,2
6645,1
6646,7
6647,1
6648,4
6649,9
6650,10
6651,10
6652,7
6653,3
6654,6
6655,4
6656,2
6657,5
6658,8
6659,8
6660,2
6661,1
6662,5
6663,3
6664,1
6665,5
6666,6
6667,7
6668,8
6669,5
6670,5
6671,2
6672,7
6673,10
6674,5
6675,3
6676,3
6677,2
6678,6
6679,10
6680,2
6681,3
6682,9
6683,5
6684,6
6685,10
6686,7
6687,1
6688,5
6689,8
6690,1
6691,9
6692,9
6693,7
6694,10
6695,5
6696,4
6697,8
6698,3
6699,3
6700,5
6701,3
6702,2
6703,6
6704,7
6705,10
6706,5
6707,4
6708,3
6709,3
6710,6
6711,2
6712,6
6713,1
6714,7
6715,10
6716,5
6717,1
6718,10
6719,9
6720,2
6721,5
6722,8
6723,2
6724,5
6725,10
6726,6
6727,5
6728,8
6729,2
6730,4
6731,9
6732,7
6733,10
6734,9
6735,9
6736,4
6737,7
6738,9
6739,1
6740,1
6741,5
6742,1
6743,2
6744,9
6745,3
6746,8
6747,4
6748,9
6749,3
6750,10
6751,4
6752,9
6753,2
6754,7
6755,6
6756,10
6757,6
6758,5
6759,1
6760,4
6761,7
6762,2
6763,10
6764,4
6765,6
6766,8
6767,9
6768,2
6769,8
6770,6
6771,4
6772,4
6773,9
6774,8
6775,6
6776,9
6777,1
6778,7
6779,7
6780,6
6781,8
6782,7
6783,9
6784,1
6785,10
6786,7
6787,6
6788,6
6789,2
6790,1
6791,6
6792,8
6793,9
6794,6
6795,10
6796,9
6797,7
6798,1
6799,4
6800,10
6801,5
6802,7
6803,5
6804,7
6805,10
6806,6
6807,2
6808,8
6809,1
6810,7
6811,2
6812,10
6813,6
6814,3
6815,9
6816,1
6817,10
6818,2
6819,8
6820,1
6821,9
6822,5
6823,3
6824,6
6825,1
6826,4
6827,7
6828,3
6829,7
6830,10
6831,10
6832,2
6833,9
6834,4
6835,2
6836,3
6837,8
6838,2
6839,6
6840,3
6841,10
6842,2
6843,9
6844,10
6845,6
6846,6
6847,2
6848,9
6849,10
6850,3
6851,6
6852,1
6853,9
6854,6
6855,3
6856,7
6857,7
6858,4
6859,2
6860,2
6861,1
6862,4
6863,8
6864,2
6865,8
6866,6
6867,7
6868,8
6869,1
6870,2
6871,6
6872,7
6873,4
6874,4
6875,7
6876,6
6877,6
6878,1
6879,6
6880,10
6881,7
6882,5
6883,10
6884,7
6885,9
6886,2
6887,5
6888,10
6889,5
6890,4
6891,4
6892,10
6893,2
6894,7
6895,7
6896,6
6897,10
6898,10
6899,3
6900,3
6901,8
6902,10
6903,7
6904,10
6905,6
6906,5
6907,6
6908,4
6909,3
6910,3
6911,8
6912,2
6913,8
6914,5
6915,6
6916,10
6917,4
6918,8
6919,9
6920,2
6921,3
6922,2
6923,5
6924,1
6925,8
6926,3
6927,6
6928,4
6929,7
6930,3
6931,1
6932,4
6933,2
6934,6
6935,7
6936,8
6937,10
6938,1
6939,7
6940,3
6941,2
6942,2
6943,3
6944,5
6945,10
6946,6
6947,9
6948,9
6949,3
6950,4
6951,1
6952,5
6953,9
6954,9
6955,10
6956,7
6957,7
6958,2
6959,1
6960,3
6961,9
6962,2
6963,1
6964,7
6965,6
6966,4
6967,10
6968,1
6969,9
6970,1
6971,1
6972,10
6973,1
6974,3
6975,6
6976,2
6977,8
6978,8
6979,6
6980,5
6981,10
6982,3
6983,10
6984,9
6985,2
6986,10
6987,5
6988,1
6989,7
6990,8
6991,4
6992,1
6993,4
6994,6
6995,6
6996,9
6997,1
6998,1
6999,9
7000,9
7001,2
7002,2
7003,5
7004,8
7005,1
7006,8
7007,7
7008,10
7009,4
7010,6
7011,1
7012,5
7013,8
7014,7
7015,2
7016,4
7017,7
7018,1
7019,1
7020,5
7021,2
7022,10
7023,6
7024,1
7025,2
7026,4
7027,6
7028,8
7029,2
7030,1
7031,6
7032,2
7033,7
7034,9
7035,2
7036,6
7037,6
7038,2
7039,9
7040,7
7041,9
7042,9
7043,9
7044,7
7045,4
7046,7
7047,10
7048,6
7049,2
7050,3
7051,10
7052,6
7053,10
7054,9
7055,9
7056,1
7057,3
7058,7
7059,9
7060,5
7061,2
7062,4
7063,9
7064,5
7065,6
7066,5
7067,6
7068,10
7069,8
7070,10
7071,5
7072,2
7073,2
7074,10
7075,6
7076,8
7077,7
7078,1
7079,8
7080,8
7081,1
7082,10
7083,9
7084,7
7085,4
7086,6
7087,10
7088,9
7089,9
7090,6
7091,8
7092,7
7093,3
7094,5
7095,5
7096,1
7097,2
7098,8
7099,2
7100,6
7101,9
7102,7
7103,1
7104,1
7105,6
7106,7
7107,9
7108,5
7109,6
7110,2
7111,1
7112,3
7113,1
7114,10
7115,9
7116,1
7117,1
7118,10
7119,6
7120,9
7121,8
7122,2
7123,6
7124,7
7125,3
7126,8
7127,9
7128,6
7129,6
7130,6
7131,7
7132,4
7133,5
7134,9
7135,5
7136,5
7137,7
7138,6
7139,10
7140,9
7141,2
7142,5
7143,9
7144,7
7145,10
7146,6
7147,10
7148,3
7149,10
7150,5
7151,1
7152,10
7153,6
7154,10
7155,1
7156,10
7157,2
7158,4
7159,5
7160,7
7161,5
7162,7
7163,5
7164,6
7165,1
7166,1
7167,2
7168,8
7169,4
7170,2
7171,9
7172,7
7173,4
7174,7
7175,4
7176,5
7177,8
7178,8
7179,9
7180,2
7181,7
7182,7
7183,1
7184,7
7185,5
7186,9
7187,6
7188,4
7189,3
7190,9
7191,7
7192,10
7193,1
7194,9
7195,9
7196,6
7197,1
7198,4
7199,1
7200,7
7201,5
7202,1
7203,7
7204,6
7205,5
7206,6
7207,8
7208,4
7209,4
7210,1
7211,4
7212,2
7213,2
7214,7
7215,6
7216,2
7217,5
7218,1
7219,1
7220,1
7221,1
7222,10
7223,5
7224,8
7225,4
7226,10
7227,8
7228,7
7229,1
7230,4
7231,3
7232,9
7233,4
7234,8
7235,10
7236,7
7237,7
7238,5
7239,3
7240,10
7241,9
7242,7
7243,5
7244,2
7245,6
7246,5
7247,1
7248,10
7249,6
7250,10
7251,9
7252,10
7253,9
7254,6
7255,3
7256,7
7257,5
7258,9
7259,4
7260,5
7261,10
7262,9
7263,3
7264,5
7265,5
7266,9
7267,3
7268,7
7269,9
7270,8
7271,6
7272,8
7273,10
7274,9
7275,10
7276,8
7277,7
7278,5
7279,6
7280,6
7281,7
7282,5
7283,2
7284,5
7285,1
7286,2
7287,3
7288,7
7289,3
7290,1
7291,7
7292,4
7293,4
7294,7
7295,1
7296,6
7297,9
7298,2
7299,5
7300,2
7301,1
7302,7
7303,2
7304,1
7305,7
7306,7
7307,1
7308,9
7309,3
7310,2
7311,6
7312,9
7313,3
7314,4
7315,2
7316,9
7317,9
7318,7
7319,3
7320,7
7321,9
7322,7
7323,6
7324,3
7325,1
7326,5
7327,7
7328,7
7329,9
7330,8
7331,4
7332,9
7333,2
7334,7
7335,6
7336,8
7337,7
7338,5
7339,7
7340,7
7341,6
7342,5
7343,6
7344,6
7345,2
7346,7
7347,7
7348,1
7349,6
7350,4
7351,10
7352,7
7353,5
7354,9
7355,9
7356,8
7357,1
7358,7
7359,9
7360,7
7361,7
7362,9
7363,2
7364,2
7365,6
7366,5
7367,4
7368,7
7369,8
7370,6
7371,2
7372,6
7373,9
7374,8
7375,6
7376,10
7377,2
7378,4
7379,6
7380,8
7381,5
7382,5
7383,10
7384,3
7385,4
7386,10
7387,8
7388,2
7389,7
7390,5
7391,7
7392,3
7393,1
7394,7
7395,2
7396,9
7397,9
7398,7
7399,3
7400,2
7401,7
7402,7
7403,1
7404,5
7405,9
7406,3
7407,3
7408,10
7409,7
7410,1
7411,7
7412,7
7413,8
7414,7
7415,1
7416,5
7417,2
7418,4
7419,10
7420,8
7421,1
7422,9
7423,8
7424,7
7425,2
7426,7
7427,8
7428,5
7429,1
7430,4
7431,5
7432,2
7433,8
7434,6
7435,1
7436,2
7437,9
7438,2
7439,6
7440,6
7441,6
7442,10
7443,3
7444,3
7445,4
7446,5
7447,8
7448,1
7449,2
7450,5
7451,2
7452,10
7453,3
7454,10
7455,9
7456,10
7457,9
7458,7
7459,6
7460,10
7461,6
7462,10
7463,6
7464,1
7465,9
7466,1
7467,7
7468,7
7469,9
7470,5
7471,2
7472,3
7473,1
7474,7
7475,6
7476,6
7477,6
7478,8
7479,6
7480,7
7481,4
7482,6
7483,5
7484,2
7485,2
7486,9
7487,9
7488,2
7489,9
7490,7
7491,3
7492,10
7493,6
7494,6
7495,7
7496,5
7497,8
7498,4
7499,9
7500,8
7501,8
7502,4
7503,6
7504,9
7505,6
7506,8
7507,5
7508,8
7509,6
7510,5
7511,4
7512,1
7513,10
7514,9
7515,8
7516,9
7517,2
7518,8
7519,7
7520,2
7521,3
7522,3
7523,2
7524,1
7525,9
7526,9
7527,9
7528,10
7529,6
7530,7
7531,9
7532,7
7533,10
7534,1
7535,2
7536,2
7537,10
7538,3
7539,6
7540,7
7541,6
7542,9
7543,10
7544,2
7545,1
7546,7
7547,10
7548,10
7549,7
7550,6
7551,5
7552,5
7553,10
7554,2
7555,6
7556,2
7557,6
7558,3
7559,3
7560,2
7561,2
7562,2
7563,9
7564,10
7565,9
7566,2
7567,10
7568,8
7569,6
7570,8
7571,2
7572,6
7573,2
7574,10
7575,1
7576,9
7577,2
7578,2
7579,10
7580,6
7581,1
7582,8
7583,3
7584,7
7585,10
7586,7
7587,6
7588,8
7589,9
7590,3
7591,6
7592,7
7593,9
7594,7
7595,8
7596,2
7597,6
7598,10
7599,4
7600,8
7601,9
7602,1
7603,6
7604,10
7605,10
7606,7
7607,5
7608,1
7609,7
7610,3
7611,6
7612,7
7613,8
7614,2
7615,5
7616,6
7617,1
7618,9
7619,4
7620,6
7621,4
7622,9
7623,10
7624,8
7625,6
7626,10
7627,2
7628,8
7629,2
7630,8
7631,10
7632,1
7633,10
7634,4
7635,9
7636,10
7637,8
7638,2
7639,2
7640,10
7641,10
7642,7
7643,2
7644,10
7645,7
7646,1
7647,6
7648,7
7649,1
7650,3
7651,7
7652,5
7653,10
7654,9
7655,6
7656,1
7657,10
7658,1
7659,8
7660,6
7661,7
7662,2
7663,10
7664,7
7665,6
7666,10
7667,3
7668,6
7669,4
7670,3
7671,8
7672,9
7673,7
7674,7
7675,2
7676,6
7677,7
7678,3
7679,9
7680,4
7681,2
7682,1
7683,9
7684,1
7685,3
7686,1
7687,10
7688,6
7689,9
7690,9
7691,7
7692,7
7693,9
7694,8
7695,10
7696,9
7697,1
7698,1
7699,1
7700,10
7701,7
7702,10
7703,5
7704,8
7705,10
7706,7
7707,9
7708,6
7709,3
7710,2
7711,9
7712,6
7713,4
7714,9
7715,9
7716,10
7717,3
7718,3
7719,9
7720,1
7721,6
7722,6
7723,6
7724,7
7725,9
7726,5
7727,7
7728,7
7729,10
7730,10
7731,6
7732,2
7733,8
7734,1
7735,9
7736,1
7737,7
7738,1
7739,8
7740,10
7741,6
7742,6
7743,1
7744,8
7745,4
7746,8
7747,1
7748,3
7749,1
7750,10
7751,5
7752,10
7753,10
7754,2
7755,9
7756,9
7757,5
7758,7
7759,8
7760,2
7761,10
7762,8
7763,8
7764,6
7765,7
7766,9
7767,7
7768,5
7769,9
7770,1
7771,10
7772,1
7773,10
7774,2
7775,1
7776,2
7777,4
7778,7
7779,7
7780,7
7781,9
7782,7
7783,10
7784,6
7785,8
7786,8
7787,9
7788,9
7789,2
7790,6
7791,9
7792,4
7793,7
7794,1
7795,7
7796,2
7797,10
7798,6
7799,6
7800,2
7801,1
7802,4
7803,10
7804,1
7805,6
7806,2
7807,10
7808,2
7809,9
7810,1
7811,7
7812,9
7813,9
7814,9
7815,3
7816,2
7817,2
7818,4
7819,1
7820,6
7821,9
7822,1
7823,7
7824,8
7825,6
7826,10
7827,10
7828,3
7829,6
7830,1
7831,2
7832,5
7833,1
7834,8
7835,7
7836,8
7837,1
7838,8
7839,10
7840,2
7841,2
7842,3
7843,1
7844,1
7845,10
7846,6
7847,4
7848,8
7849,3
7850,1
7851,9
7852,9
7853,8
7854,7
7855,4
7856,3
7857,7
7858,7
7859,3
7860,2
7861,6
7862,7
7863,2
7864,1
7865,2
7866,4
7867,7
7868,10
7869,2
7870,9
7871,7
7872,7
7873,10
7874,9
7875,7
7876,3
7877,2
7878,4
7879,9
7880,2
7881,1
7882,5
7883,5
7884,5
7885,10
7886,6
7887,8
7888,4
7889,8
7890,10
7891,6
7892,6
7893,4
7894,10
7895,10
7896,7
7897,2
7898,8
7899,2
7900,8
7901,9
7902,8
7903,2
7904,5
7905,10
7906,3
7907,5
7908,7
7909,10
7910,10
7911,6
7912,4
7913,6
7914,1
7915,8
7916,6
7917,7
7918,5
7919,8
7920,8
7921,2
7922,5
7923,4
7924,8
7925,4
7926,1
7927,2
7928,7
7929,3
7930,1
7931,1
7932,8
7933,6
7934,8
7935,9
7936,5
7937,2
7938,2
7939,4
7940,8
7941,7
7942,7
7943,2
7944,2
7945,1
7946,5
7947,10
7948,4
7949,2
7950,6
7951,10
7952,5
7953,1
7954,1
7955,2
7956,10
7957,2
7958,8
7959,9
7960,1
7961,1
7962,7
7963,7
7964,5
7965,9
7966,10
7967,2
7968,5
7969,9
7970,2
7971,6
7972,6
7973,9
7974,10
7975,10
7976,8
7977,7
7978,9
7979,2
7980,2
7981,8
7982,5
7983,8
7984,2
7985,2
7986,6
7987,10
7988,8
7989,7
7990,9
7991,1
7992,10
7993,7
7994,3
7995,1
7996,9
7997,3
7998,9
7999,4
8000,5
8001,10
8002,2
8003,3
8004,3
8005,10
8006,10
8007,4
8008,7
8009,1
8010,7
8011,4
8012,9
8013,4
8014,9
8015,7
8016,1
8017,5
8018,1
8019,9
8020,10
8021,7
8022,10
8023,4
8024,4
8025,1
8026,5
8027,10
8028,6
8029,2
8030,6
8031,3
8032,1
8033,2
8034,2
8035,8
8036,2
8037,7
8038,1
8039,5
8040,2
8041,7
8042,7
8043,8
8044,7
8045,2
8046,3
8047,1
8048,9
8049,1
8050,2
8051,8
8052,8
8053,8
8054,2
8055,10
8056,9
8057,10
8058,2
8059,10
8060,6
8061,7
8062,1
8063,5
8064,10
8065,9
8066,10
8067,5
8068,9
8069,2
8070,7
8071,4
8072,7
8073,4
8074,2
8075,8
8076,9
8077,8
8078,2
8079,4
8080,1
8081,4
8082,2
8083,4
8084,10
8085,6
8086,6
8087,9
8088,6
8089,8
8090,10
8091,2
8092,2
8093,9
8094,5
8095,2
8096,1
8097,4
8098,2
8099,2
8100,4
8101,3
8102,8
8103,4
8104,1
8105,8
8106,9
8107,10
8108,2
8109,6
8110,5
8111,2
8112,7
8113,6
8114,7
8115,7
8116,4
8117,10
8118,1
8119,9
8120,3
8121,9
8122,5
8123,6
8124,1
8125,8
8126,10
8127,4
8128,8
8129,7
8130,2
8131,4
8132,6
8133,9
8134,10
8135,5
8136,3
8137,10
8138,1
8139,2
8140,2
8141,5
8142,6
8143,9
8144,10
8145,2
8146,1
8147,10
8148,6
8149,1
8150,10
8151,6
8152,1
8153,9
8154,1
8155,6
8156,5
8157,9
8158,2
8159,9
8160,4
8161,2
8162,8
8163,2
8164,1
8165,7
8166,7
8167,8
8168,10
8169,9
8170,7
8171,4
8172,10
8173,3
8174,6
8175,2
8176,6
8177,6
8178,1
8179,10
8180,5
8181,5
8182,7
8183,10
8184,4
8185,5
8186,9
8187,1
8188,3
8189,8
8190,1
8191,5
8192,5
8193,6
8194,6
8195,9
8196,9
8197,9
8198,9
8199,10
8200,5
8201,8
8202,1
8203,3
8204,6
8205,5
8206,8
8207,10
8208,8
8209,3
8210,5
8211,1
8212,4
8213,8
8214,7
8215,10
8216,10
8217,6
8218,10
8219,7
8220,10
8221,3
8222,5
8223,9
8224,9
8225,10
8226,1
8227,1
8228,2
8229,9
8230,2
8231,1
8232,4
8233,6
8234,7
8235,2
8236,8
8237,9
8238,5
8239,7
8240,10
8241,8
8242,1
8243,6
8244,6
8245,5
8246,6
8247,9
8248,2
8249,9
8250,10
8251,3
8252,7
8253,6
8254,1
8255,10
8256,6
8257,9
8258,8
8259,10
8260,10
8261,2
8262,8
8263,1
8264,6
8265,9
8266,9
8267,1
8268,4
8269,7
8270,9
8271,8
8272,4
8273,4
8274,7
8275,8
8276,3
8277,9
8278,10
8279,1
8280,4
8281,10
8282,4
8283,9
8284,9
8285,7
8286,10
8287,4
8288,9
8289,6
8290,7
8291,4
8292,4
8293,7
8294,8
8295,9
8296,3
8297,4
8298,10
8299,10
8300,10
8301,3
8302,7
8303,7
8304,9
8305,10
8306,7
8307,3
8308,8
8309,6
8310,3
8311,6
8312,6
8313,2
8314,10
8315,9
8316,7
8317,6
8318,6
8319,5
8320,7
8321,10
8322,3
8323,7
8324,10
8325,4
8326,9
8327,8
8328,4
8329,8
8330,9
8331,6
8332,3
8333,10
8334,5
8335,6
8336,7
8337,6
8338,5
8339,7
8340,9
8341,4
8342,7
8343,10
8344,4
8345,5
8346,2
8347,8
8348,2
8349,7
8350,1
8351,10
8352,4
8353,3
8354,9
8355,3
8356,10
8357,9
8358,9
8359,10
8360,2
8361,7
8362,2
8363,10
8364,5
8365,9
8366,10
8367,2
8368,7
8369,7
8370,3
8371,7
8372,5
8373,2
8374,9
8375,6
8376,7
8377,8
8378,9
8379,3
8380,9
8381,9
8382,5
8383,8
8384,7
8385,8
8386,2
8387,6
8388,9
8389,8
8390,6
8391,10
8392,10
8393,5
8394,9
8395,10
8396,2
8397,4
8398,6
8399,5
8400,5
8401,9
8402,3
8403,9
8404,7
8405,5
8406,3
8407,2
8408,9
8409,1
8410,2
8411,4
8412,1
8413,1
8414,9
8415,6
8416,10
8417,5
8418,10
8419,1
8420,1
8421,7
8422,4
8423,2
8424,4
8425,7
8426,5
8427,10
8428,1
8429,6
8430,5
8431,9
8432,10
8433,5
8434,4
8435,10
8436,2
8437,6
8438,7
8439,7
8440,1
8441,4
8442,10
8443,8
8444,5
8445,6
8446,9
8447,4
8448,1
8449,7
8450,7
8451,2
8452,5
8453,5
8454,9
8455,3
8456,10
8457,7
8458,6
8459,6
8460,9
8461,9
8462,6
8463,7
8464,7
8465,7
8466,6
8467,3
8468,10
8469,7
8470,7
8471,10
8472,9
8473,3
8474,9
8475,3
8476,7
8477,5
8478,4
8479,10
8480,10
8481,9
8482,4
8483,2
8484,1
8485,2
8486,1
8487,3
8488,3
8489,1
8490,10
8491,4
8492,6
8493,10
8494,6
8495,1
8496,7
8497,1
8498,5
8499,8
8500,10
8501,3
8502,10
8503,2
8504,10
8505,7
8506,7
8507,2
8508,1
8509,10
8510,10
8511,8
8512,7
8513,10
8514,10
8515,8
8516,9
8517,7
8518,2
8519,10
8520,2
8521,3
8522,1
8523,10
8524,5
8525,4
8526,9
8527,4
8528,6
8529,1
8530,10
8531,8
8532,9
8533,7
8534,4
8535,7
8536,1
8537,1
8538,8
8539,6
8540,8
8541,7
8542,10
8543,2
8544,1
8545,7
8546,5
8547,1
8548,7
8549,5
8550,2
8551,1
8552,9
8553,2
8554,2
8555,1
8556,6
8557,9
8558,6
8559,7
8560,2
8561,7
8562,9
8563,7
8564,2
8565,9
8566,5
8567,9
8568,2
8569,8
8570,7
8571,7
8572,9
8573,9
8574,4
8575,3
8576,10
8577,1
8578,2
8579,6
8580,4
8581,1
8582,10
8583,7
8584,9
8585,10
8586,10
8587,7
8588,8
8589,7
8590,3
8591,1
8592,7
8593,1
8594,9
8595,10
8596,2
8597,2
8598,7
8599,3
8600,8
8601,8
8602,3
8603,3
8604,2
8605,2
8606,10
8607,6
8608,9
8609,10
8610,5
8611,6
8612,10
8613,5
8614,6
8615,9
8616,2
8617,7
8618,3
8619,4
8620,4
8621,6
8622,10
8623,6
8624,10
8625,9
8626,6
8627,6
8628,8
8629,2
8630,10
8631,5
8632,5
8633,10
8634,2
8635,4
8636,5
8637,7
8638,6
8639,1
8640,1
8641,2
8642,6
8643,7
8644,1
8645,8
8646,10
8647,5
8648,3
8649,2
8650,9
8651,6
8652,8
8653,9
8654,2
8655,4
8656,9
8657,10
8658,8
8659,6
8660,2
8661,6
8662,1
8663,2
8664,2
8665,4
8666,4
8667,1
8668,8
8669,3
8670,3
8671,2
8672,4
8673,3
8674,8
8675,1
8676,6
8677,9
8678,6
8679,10
8680,2
8681,10
8682,7
8683,8
8684,1
8685,4
8686,10
8687,10
8688,1
8689,9
8690,7
8691,10
8692,1
8693,5
8694,2
8695,1
8696,5
8697,2
8698,6
8699,7
8700,4
8701,3
8702,2
8703,9
8704,2
8705,9
8706,3
8707,5
8708,1
8709,5
8710,6
8711,7
8712,2
8713,6
8714,9
8715,5
8716,3
8717,3
8718,9
8719,7
8720,10
8721,1
8722,7
8723,7
8724,5
8725,10
8726,9
8727,10
8728,2
8729,7
8730,6
8731,8
8732,10
8733,2
8734,8
8735,2
8736,7
8737,7
8738,6
8739,7
8740,10
8741,5
8742,8
8743,6
8744,1
8745,2
8746,9
8747,3
8748,8
8749,7
8750,5
8751,9
8752,9
8753,3
8754,8
8755,4
8756,6
8757,10
8758,4
8759,10
8760,9
8761,6
8762,9
8763,1
8764,2
8765,10
8766,4
8767,8
8768,3
8769,2
8770,1
8771,5
8772,7
8773,2
8774,3
8775,7
8776,2
8777,6
8778,1
8779,1
8780,8
8781,8
8782,7
8783,6
8784,7
8785,3
8786,9
8787,5
8788,8
8789,3
8790,6
8791,10
8792,6
8793,7
8794,4
8795,6
8796,1
8797,9
8798,2
8799,7
8800,2
8801,1
8802,3
8803,7
8804,8
8805,1
8806,2
8807,3
8808,7
8809,4
8810,6
8811,4
8812,10
8813,1
8814,2
8815,2
8816,7
8817,5
8818,4
8819,2
8820,1
8821,1
8822,3
8823,2
8824,8
8825,3
8826,4
8827,9
8828,5
8829,3
8830,9
8831,10
8832,7
8833,7
8834,10
8835,1
8836,5
8837,5
8838,10
8839,9
8840,7
8841,5
8842,1
8843,7
8844,9
8845,10
8846,3
8847,7
8848,3
8849,6
8850,1
8851,2
8852,1
8853,8
8854,3
8855,9
8856,6
8857,1
8858,9
8859,7
8860,6
8861,1
8862,5
8863,1
8864,5
8865,10
8866,8
8867,2
8868,9
8869,7
8870,6
8871,6
8872,1
8873,8
8874,6
8875,6
8876,1
8877,10
8878,7
8879,10
8880,10
8881,2
8882,8
8883,3
8884,2
8885,1
8886,4
8887,6
8888,3
8889,9
8890,5
8891,9
8892,2
8893,2
8894,9
8895,1
8896,1
8897,10
8898,3
8899,10
8900,6
8901,7
8902,8
8903,7
8904,1
8905,9
8906,2
8907,9
8908,2
8909,10
8910,9
8911,2
8912,9
8913,4
8914,9
8915,6
8916,9
8917,7
8918,1
8919,10
8920,8
8921,4
8922,9
8923,10
8924,7
8925,3
8926,1
8927,5
8928,10
8929,1
8930,10
8931,5
8932,10
8933,3
8934,7
8935,6
8936,9
8937,9
8938,3
8939,2
8940,6
8941,8
8942,1
8943,3
8944,5
8945,5
8946,2
8947,9
8948,7
8949,10
8950,8
8951,10
8952,9
8953,7
8954,9
8955,7
8956,2
8957,10
8958,2
8959,7
8960,7
8961,1
8962,8
8963,2
8964,5
8965,9
8966,8
8967,6
8968,2
8969,2
8970,9
8971,1
8972,3
8973,2
8974,4
8975,3
8976,6
8977,2
8978,8
8979,3
8980,6
8981,10
8982,5
8983,4
8984,6
8985,7
8986,1
8987,4
8988,4
8989,3
8990,6
8991,10
8992,6
8993,6
8994,10
8995,9
8996,1
8997,1
8998,10
8999,10
9000,9
9001,1
9002,2
9003,4
9004,4
9005,9
9006,6
9007,7
9008,2
9009,1
9010,7
9011,4
9012,7
9013,9
9014,5
9015,7
9016,6
9017,2
9018,1
9019,2
9020,2
9021,10
9022,1
9023,4
9024,8
9025,1
9026,6
9027,9
9028,8
9029,9
9030,3
9031,9
9032,2
9033,10
9034,2
9035,3
9036,6
9037,4
9038,10
9039,5
9040,3
9041,6
9042,7
9043,5
9044,1
9045,5
9046,1
9047,9
9048,10
9049,2
9050,3
9051,7
9052,9
9053,1
9054,6
9055,1
9056,7
9057,3
9058,10
9059,4
9060,7
9061,6
9062,5
9063,9
9064,8
9065,8
9066,1
9067,2
9068,10
9069,9
9070,2
9071,5
9072,6
9073,7
9074,7
9075,3
9076,1
9077,8
9078,7
9079,5
9080,3
9081,1
9082,8
9083,7
9084,2
9085,4
9086,10
9087,9
9088,10
9089,7
9090,6
9091,5
9092,8
9093,7
9094,7
9095,3
9096,6
9097,2
9098,6
9099,7
9100,2
9101,6
9102,9
9103,5
9104,4
9105,3
9106,1
9107,7
9108,10
9109,3
9110,5
9111,2
9112,1
9113,7
9114,7
9115,1
9116,1
9117,6
9118,2
9119,4
9120,3
9121,6
9122,4
9123,4
9124,3
9125,9
9126,2
9127,2
9128,10
9129,7
9130,5
9131,2
9132,9
9133,2
9134,2
9135,9
9136,7
9137,7
9138,7
9139,6
9140,6
9141,7
9142,5
9143,8
9144,8
9145,9
9146,2
9147,6
9148,5
9149,4
9150,1
9151,7
9152,1
9153,4
9154,6
9155,1
9156,6
9157,7
9158,7
9159,7
9160,1
9161,6
9162,7
9163,1
9164,7
9165,6
9166,1
9167,7
9168,10
9169,1
9170,9
9171,2
9172,8
9173,3
9174,10
9175,10
9176,2
9177,2
9178,10
9179,10
9180,2
9181,6
9182,1
9183,1
9184,10
9185,8
9186,5
9187,5
9188,5
9189,5
9190,6
9191,1
9192,6
9193,3
9194,5
9195,5
9196,4
9197,1
9198,10
9199,7
9200,10
9201,9
9202,6
9203,8
9204,9
9205,2
9206,5
9207,9
9208,10
9209,1
9210,2
9211,10
9212,1
9213,7
9214,7
9215,10
9216,6
9217,10
9218,6
9219,3
9220,10
9221,9
9222,8
9223,8
9224,2
9225,5
9226,6
9227,4
9228,9
9229,3
9230,1
9231,6
9232,10
9233,2
9234,9
9235,3
9236,1
9237,10
9238,4
9239,10
9240,9
9241,9
9242,7
9243,5
9244,6
9245,5
9246,5
9247,5
9248,2
9249,1
9250,10
9251,4
9252,1
9253,7
9254,2
9255,6
9256,6
9257,1
9258,5
9259,9
9260,8
9261,4
9262,6
9263,10
9264,6
9265,7
9266,9
9267,9
9268,2
9269,7
9270,2
9271,10
9272,2
9273,1
9274,7
9275,1
9276,10
9277,5
9278,2
9279,8
9280,10
9281,1
9282,7
9283,3
9284,10
9285,8
9286,2
9287,1
9288,10
9289,4
9290,6
9291,3
9292,9
9293,5
9294,8
9295,6
9296,6
9297,6
9298,3
9299,9
9300,3
9301,3
9302,6
9303,5
9304,10
9305,9
9306,7
9307,4
9308,5
9309,6
9310,3
9311,6
9312,8
9313,9
9314,3
9315,7
9316,8
9317,6
9318,5
9319,5
9320,8
9321,10
9322,7
9323,3
9324,9
9325,10
9326,3
9327,8
9328,8
9329,4
9330,8
9331,5
9332,1
9333,2
9334,1
9335,8
9336,8
9337,6
9338,7
9339,3
9340,2
9341,2
9342,4
9343,5
9344,9
9345,6
9346,9
9347,3
9348,1
9349,8
9350,9
9351,7
9352,10
9353,4
9354,1
9355,1
9356,9
9357,1
9358,2
9359,9
9360,9
9361,7
9362,10
9363,10
9364,4
9365,6
9366,5
9367,6
9368,10
9369,2
9370,9
9371,9
9372,9
9373,5
9374,2
9375,7
9376,5
9377,1
9378,5
9379,10
9380,8
9381,9
9382,6
9383,4
9384,2
9385,1
9386,6
9387,3
9388,6
9389,4
9390,2
9391,5
9392,10
9393,8
9394,7
9395,1
9396,8
9397,1
9398,3
9399,4
9400,8
9401,7
9402,5
9403,5
9404,2
9405,2
9406,9
9407,7
9408,10
9409,3
9410,10
9411,6
9412,10
9413,9
9414,9
9415,4
9416,4
9417,5
9418,9
9419,2
9420,3
9421,6
9422,8
9423,7
9424,1
9425,3
9426,5
9427,10
9428,5
9429,2
9430,3
9431,7
9432,4
9433,2
9434,2
9435,7
9436,8
9437,2
9438,3
9439,9
9440,2
9441,9
9442,5
9443,2
9444,3
9445,8
9446,3
9447,10
9448,7
9449,8
9450,9
9451,4
9452,1
9453,5
9454,10
9455,3
9456,2
9457,7
9458,10
9459,8
9460,1
9461,4
9462,5
9463,6
9464,9
9465,5
9466,3
9467,5
9468,10
9469,5
9470,10
9471,10
9472,7
9473,9
9474,1
9475,9
9476,3
9477,9
9478,6
9479,8
9480,9
9481,5
9482,6
9483,3
9484,2
9485,8
9486,3
9487,1
9488,2
9489,4
9490,5
9491,9
9492,9
9493,8
9494,9
9495,10
9496,1
9497,2
9498,3
9499,7
9500,9
9501,2
9502,1
9503,7
9504,5
9505,7
9506,4
9507,5
9508,1
9509,10
9510,8
9511,2
9512,7
9513,3
9514,7
9515,6
9516,10
9517,10
9518,7
9519,2
9520,2
9521,10
9522,3
9523,8
9524,9
9525,3
9526,3
9527,9
9528,6
9529,8
9530,8
9531,7
9532,10
9533,9
9534,1
9535,7
9536,7
9537,4
9538,9
9539,10
9540,10
9541,4
9542,3
9543,4
9544,5
9545,1
9546,10
9547,7
9548,5
9549,4
9550,8
9551,2
9552,6
9553,10
9554,8
9555,8
9556,8
9557,5
9558,5
9559,9
9560,10
9561,8
9562,9
9563,5
9564,9
9565,9
9566,1
9567,7
9568,1
9569,9
9570,7
9571,8
9572,6
9573,9
9574,5
9575,5
9576,6
9577,5
9578,1
9579,2
9580,5
9581,3
9582,3
9583,9
9584,9
9585,7
9586,7
9587,4
9588,9
9589,1
9590,6
9591,1
9592,10
9593,2
9594,9
9595,1
9596,10
9597,3
9598,5
9599,2
9600,8
9601,9
9602,9
9603,1
9604,3
9605,9
9606,8
9607,10
9608,8
9609,1
9610,7
9611,10
9612,9
9613,6
9614,5
9615,7
9616,6
9617,5
9618,1
9619,5
9620,9
9621,8
9622,7
9623,5
9624,10
9625,9
9626,1
9627,10
9628,5
9629,10
9630,10
9631,7
9632,1
9633,5
9634,1
9635,2
9636,7
9637,7
9638,3
9639,5
9640,5
9641,7
9642,3
9643,1
9644,9
9645,9
9646,10
9647,2
9648,8
9649,1
9650,6
9651,9
9652,1
9653,9
9654,3
9655,8
9656,9
9657,10
9658,6
9659,2
9660,7
9661,8
9662,3
9663,10
9664,10
9665,9
9666,6
9667,6
9668,10
9669,7
9670,9
9671,2
9672,8
9673,8
9674,2
9675,10
9676,8
9677,1
9678,7
9679,3
9680,4
9681,9
9682,7
9683,8
9684,5
9685,8
9686,1
9687,2
9688,2
9689,2
9690,8
9691,7
9692,2
9693,6
9694,7
9695,2
9696,1
9697,10
9698,8
9699,2
9700,10
9701,1
9702,5
9703,8
9704,5
9705,3
9706,7
9707,2
9708,2
9709,6
9710,1
9711,6
9712,6
9713,6
9714,9
9715,2
9716,4
9717,7
9718,8
9719,10
9720,9
9721,2
9722,7
9723,2
9724,8
9725,1
9726,6
9727,10
9728,2
9729,5
9730,8
9731,2
9732,4
9733,5
9734,10
9735,8
9736,9
9737,9
9738,1
9739,7
9740,9
9741,4
9742,4
9743,9
9744,2
9745,9
9746,4
9747,1
9748,1
9749,8
9750,9
9751,5
9752,2
9753,10
9754,7
9755,10
9756,5
9757,8
9758,1
9759,8
9760,2
9761,10
9762,7
9763,7
9764,2
9765,8
9766,5
9767,1
9768,5
9769,8
9770,9
9771,5
9772,7
9773,4
9774,10
9775,7
9776,9
9777,7
9778,2
9779,4
9780,3
9781,7
9782,4
9783,7
9784,7
9785,1
9786,8
9787,7
9788,1
9789,2
9790,7
9791,10
9792,10
9793,2
9794,9
9795,2
9796,3
9797,10
9798,10
9799,9
9800,4
9801,2
9802,4
9803,1
9804,10
9805,7
9806,1
9807,9
9808,10
9809,9
9810,4
9811,5
9812,8
9813,4
9814,2
9815,9
9816,3
9817,10
9818,2
9819,1
9820,4
9821,9
9822,5
9823,1
9824,2
9825,10
9826,5
9827,1
9828,5
9829,9
9830,6
9831,10
9832,8
9833,5
9834,7
9835,9
9836,8
9837,1
9838,8
9839,10
9840,4
9841,8
9842,1
9843,7
9844,2
9845,3
9846,10
9847,9
9848,9
9849,1
9850,3
9851,5
9852,7
9853,1
9854,5
9855,10
9856,5
9857,6
9858,9
9859,7
9860,6
9861,6
9862,6
9863,7
9864,7
9865,9
9866,10
9867,9
9868,1
9869,9
9870,8
9871,5
9872,2
9873,10
9874,10
9875,4
9876,9
9877,9
9878,3
9879,3
9880,10
9881,3
9882,2
9883,2
9884,6
9885,1
9886,9
9887,5
9888,9
9889,9
9890,9
9891,2
9892,9
9893,5
9894,7
9895,4
9896,3
9897,7
9898,9
9899,7
9900,1
9901,1
9902,2
9903,2
9904,7
9905,9
9906,10
9907,1
9908,2
9909,9
9910,2
9911,3
9912,10
9913,10
9914,8
9915,10
9916,9
9917,8
9918,8
9919,7
9920,7
9921,7
9922,1
9923,8
9924,8
9925,1
9926,10
9927,7
9928,10
9929,6
9930,9
9931,7
9932,9
9933,9
9934,4
9935,4
9936,7
9937,2
9938,1
9939,10
9940,6
9941,5
9942,2
9943,9
9944,9
9945,2
9946,5
9947,1
9948,4
9949,10
9950,2
9951,7
9952,1
9953,6
9954,1
9955,1
9956,10
9957,9
9958,2
9959,8
9960,4
9961,1
9962,4
9963,7
9964,9
9965,6
9966,3
9967,6
9968,4
9969,6
9970,10
9971,5
9972,10
9973,10
9974,1
9975,2
9976,8
9977,3
9978,6
9979,5
9980,9
9981,1
9982,5
9983,7
9984,5
9985,3
9986,7
9987,1
9988,9
9989,2
9990,5
9991,4
9992,1
9993,6
9994,4
9995,4
9996,4
9997,6
9998,6
9999,5
10000,8
